N,W,realization_index,seed,site_index,onsite_energy
40,0.0,0,22604605406421282,0,0.0
40,0.0,0,22604605406421282,1,0.0
40,0.0,0,22604605406421282,2,0.0
40,0.0,0,22604605406421282,3,0.0
40,0.0,0,22604605406421282,4,0.0
40,0.0,0,22604605406421282,5,0.0
40,0.0,0,22604605406421282,6,0.0
40,0.0,0,22604605406421282,7,0.0
40,0.0,0,22604605406421282,8,0.0
40,0.0,0,22604605406421282,9,0.0
40,0.0,0,22604605406421282,10,0.0
40,0.0,0,22604605406421282,11,0.0
40,0.0,0,22604605406421282,12,0.0
40,0.0,0,22604605406421282,13,0.0
40,0.0,0,22604605406421282,14,0.0
40,0.0,0,22604605406421282,15,0.0
40,0.0,0,22604605406421282,16,0.0
40,0.0,0,22604605406421282,17,0.0
40,0.0,0,22604605406421282,18,0.0
40,0.0,0,22604605406421282,19,0.0
40,0.0,0,22604605406421282,20,0.0
40,0.0,0,22604605406421282,21,0.0
40,0.0,0,22604605406421282,22,0.0
40,0.0,0,22604605406421282,23,0.0
40,0.0,0,22604605406421282,24,0.0
40,0.0,0,22604605406421282,25,0.0
40,0.0,0,22604605406421282,26,0.0
40,0.0,0,22604605406421282,27,0.0
40,0.0,0,22604605406421282,28,0.0
40,0.0,0,22604605406421282,29,0.0
40,0.0,0,22604605406421282,30,0.0
40,0.0,0,22604605406421282,31,0.0
40,0.0,0,22604605406421282,32,0.0
40,0.0,0,22604605406421282,33,0.0
40,0.0,0,22604605406421282,34,0.0
40,0.0,0,22604605406421282,35,0.0
40,0.0,0,22604605406421282,36,0.0
40,0.0,0,22604605406421282,37,0.0
40,0.0,0,22604605406421282,38,0.0
40,0.0,0,22604605406421282,39,0.0
40,0.0,1,14215243802595851222,0,0.0
40,0.0,1,14215243802595851222,1,0.0
40,0.0,1,14215243802595851222,2,0.0
40,0.0,1,14215243802595851222,3,0.0
40,0.0,1,14215243802595851222,4,0.0
40,0.0,1,14215243802595851222,5,0.0
40,0.0,1,14215243802595851222,6,0.0
40,0.0,1,14215243802595851222,7,0.0
40,0.0,1,14215243802595851222,8,0.0
40,0.0,1,14215243802595851222,9,0.0
40,0.0,1,14215243802595851222,10,0.0
40,0.0,1,14215243802595851222,11,0.0
40,0.0,1,14215243802595851222,12,0.0
40,0.0,1,14215243802595851222,13,0.0
40,0.0,1,14215243802595851222,14,0.0
40,0.0,1,14215243802595851222,15,0.0
40,0.0,1,14215243802595851222,16,0.0
40,0.0,1,14215243802595851222,17,0.0
40,0.0,1,14215243802595851222,18,0.0
40,0.0,1,14215243802595851222,19,0.0
40,0.0,1,14215243802595851222,20,0.0
40,0.0,1,14215243802595851222,21,0.0
40,0.0,1,14215243802595851222,22,0.0
40,0.0,1,14215243802595851222,23,0.0
40,0.0,1,14215243802595851222,24,0.0
40,0.0,1,14215243802595851222,25,0.0
40,0.0,1,14215243802595851222,26,0.0
40,0.0,1,14215243802595851222,27,0.0
40,0.0,1,14215243802595851222,28,0.0
40,0.0,1,14215243802595851222,29,0.0
40,0.0,1,14215243802595851222,30,0.0
40,0.0,1,14215243802595851222,31,0.0
40,0.0,1,14215243802595851222,32,0.0
40,0.0,1,14215243802595851222,33,0.0
40,0.0,1,14215243802595851222,34,0.0
40,0.0,1,14215243802595851222,35,0.0
40,0.0,1,14215243802595851222,36,0.0
40,0.0,1,14215243802595851222,37,0.0
40,0.0,1,14215243802595851222,38,0.0
40,0.0,1,14215243802595851222,39,0.0
40,0.0,2,17633449925092402329,0,0.0
40,0.0,2,17633449925092402329,1,0.0
40,0.0,2,17633449925092402329,2,0.0
40,0.0,2,17633449925092402329,3,0.0
40,0.0,2,17633449925092402329,4,0.0
40,0.0,2,17633449925092402329,5,0.0
40,0.0,2,17633449925092402329,6,0.0
40,0.0,2,17633449925092402329,7,0.0
40,0.0,2,17633449925092402329,8,0.0
40,0.0,2,17633449925092402329,9,0.0
40,0.0,2,17633449925092402329,10,0.0
40,0.0,2,17633449925092402329,11,0.0
40,0.0,2,17633449925092402329,12,0.0
40,0.0,2,17633449925092402329,13,0.0
40,0.0,2,17633449925092402329,14,0.0
40,0.0,2,17633449925092402329,15,0.0
40,0.0,2,17633449925092402329,16,0.0
40,0.0,2,17633449925092402329,17,0.0
40,0.0,2,17633449925092402329,18,0.0
40,0.0,2,17633449925092402329,19,0.0
40,0.0,2,17633449925092402329,20,0.0
40,0.0,2,17633449925092402329,21,0.0
40,0.0,2,17633449925092402329,22,0.0
40,0.0,2,17633449925092402329,23,0.0
40,0.0,2,17633449925092402329,24,0.0
40,0.0,2,17633449925092402329,25,0.0
40,0.0,2,17633449925092402329,26,0.0
40,0.0,2,17633449925092402329,27,0.0
40,0.0,2,17633449925092402329,28,0.0
40,0.0,2,17633449925092402329,29,0.0
40,0.0,2,17633449925092402329,30,0.0
40,0.0,2,17633449925092402329,31,0.0
40,0.0,2,17633449925092402329,32,0.0
40,0.0,2,17633449925092402329,33,0.0
40,0.0,2,17633449925092402329,34,0.0
40,0.0,2,17633449925092402329,35,0.0
40,0.0,2,17633449925092402329,36,0.0
40,0.0,2,17633449925092402329,37,0.0
40,0.0,2,17633449925092402329,38,0.0
40,0.0,2,17633449925092402329,39,0.0
40,0.0,3,11313609369951680428,0,0.0
40,0.0,3,11313609369951680428,1,0.0
40,0.0,3,11313609369951680428,2,0.0
40,0.0,3,11313609369951680428,3,0.0
40,0.0,3,11313609369951680428,4,0.0
40,0.0,3,11313609369951680428,5,0.0
40,0.0,3,11313609369951680428,6,0.0
40,0.0,3,11313609369951680428,7,0.0
40,0.0,3,11313609369951680428,8,0.0
40,0.0,3,11313609369951680428,9,0.0
40,0.0,3,11313609369951680428,10,0.0
40,0.0,3,11313609369951680428,11,0.0
40,0.0,3,11313609369951680428,12,0.0
40,0.0,3,11313609369951680428,13,0.0
40,0.0,3,11313609369951680428,14,0.0
40,0.0,3,11313609369951680428,15,0.0
40,0.0,3,11313609369951680428,16,0.0
40,0.0,3,11313609369951680428,17,0.0
40,0.0,3,11313609369951680428,18,0.0
40,0.0,3,11313609369951680428,19,0.0
40,0.0,3,11313609369951680428,20,0.0
40,0.0,3,11313609369951680428,21,0.0
40,0.0,3,11313609369951680428,22,0.0
40,0.0,3,11313609369951680428,23,0.0
40,0.0,3,11313609369951680428,24,0.0
40,0.0,3,11313609369951680428,25,0.0
40,0.0,3,11313609369951680428,26,0.0
40,0.0,3,11313609369951680428,27,0.0
40,0.0,3,11313609369951680428,28,0.0
40,0.0,3,11313609369951680428,29,0.0
40,0.0,3,11313609369951680428,30,0.0
40,0.0,3,11313609369951680428,31,0.0
40,0.0,3,11313609369951680428,32,0.0
40,0.0,3,11313609369951680428,33,0.0
40,0.0,3,11313609369951680428,34,0.0
40,0.0,3,11313609369951680428,35,0.0
40,0.0,3,11313609369951680428,36,0.0
40,0.0,3,11313609369951680428,37,0.0
40,0.0,3,11313609369951680428,38,0.0
40,0.0,3,11313609369951680428,39,0.0
40,0.5,0,17282002986053369957,0,-0.05442814309506644
40,0.5,0,17282002986053369957,1,-0.005146613832096303
40,0.5,0,17282002986053369957,2,0.24689414207184024
40,0.5,0,17282002986053369957,3,-0.0021961282427211404
40,0.5,0,17282002986053369957,4,0.08748353107980078
40,0.5,0,17282002986053369957,5,0.14740953502798598
40,0.5,0,17282002986053369957,6,0.18986609144377975
40,0.5,0,17282002986053369957,7,0.10973864732871164
40,0.5,0,17282002986053369957,8,-0.04103678003636363
40,0.5,0,17282002986053369957,9,0.2256329307539504
40,0.5,0,17282002986053369957,10,0.2395795114237536
40,0.5,0,17282002986053369957,11,0.20956342986591364
40,0.5,0,17282002986053369957,12,-0.0959934827824021
40,0.5,0,17282002986053369957,13,-0.004673165306696703
40,0.5,0,17282002986053369957,14,-0.17036306273493385
40,0.5,0,17282002986053369957,15,-0.10389822432506346
40,0.5,0,17282002986053369957,16,-0.07435113949007077
40,0.5,0,17282002986053369957,17,-0.10594584125400952
40,0.5,0,17282002986053369957,18,-0.01635554153890184
40,0.5,0,17282002986053369957,19,-0.1998673832300445
40,0.5,0,17282002986053369957,20,-0.1011208442964911
40,0.5,0,17282002986053369957,21,-0.03554490636846369
40,0.5,0,17282002986053369957,22,-0.061053841464776104
40,0.5,0,17282002986053369957,23,0.003386668405330695
40,0.5,0,17282002986053369957,24,0.15566032650997463
40,0.5,0,17282002986053369957,25,0.07721578611034191
40,0.5,0,17282002986053369957,26,0.01884300905733316
40,0.5,0,17282002986053369957,27,0.024418069973684176
40,0.5,0,17282002986053369957,28,-0.13780152313996907
40,0.5,0,17282002986053369957,29,-0.004198335123179409
40,0.5,0,17282002986053369957,30,0.021510192254593274
40,0.5,0,17282002986053369957,31,0.1499048588378863
40,0.5,0,17282002986053369957,32,0.016971772803028695
40,0.5,0,17282002986053369957,33,-0.032569929870028935
40,0.5,0,17282002986053369957,34,-0.014903251755845448
40,0.5,0,17282002986053369957,35,0.21892167059774081
40,0.5,0,17282002986053369957,36,0.16182166034705708
40,0.5,0,17282002986053369957,37,-0.1761111290399412
40,0.5,0,17282002986053369957,38,-0.08930047105381028
40,0.5,0,17282002986053369957,39,-0.12034440518611061
40,0.5,1,13456924125168110322,0,-0.2112561069361305
40,0.5,1,13456924125168110322,1,0.046241991197693566
40,0.5,1,13456924125168110322,2,-0.11585802810426288
40,0.5,1,13456924125168110322,3,-0.06803768604108462
40,0.5,1,13456924125168110322,4,-0.20052303098843344
40,0.5,1,13456924125168110322,5,-0.16200668069718155
40,0.5,1,13456924125168110322,6,-0.2450211453430698
40,0.5,1,13456924125168110322,7,-0.10663160864435789
40,0.5,1,13456924125168110322,8,-0.038139749428681646
40,0.5,1,13456924125168110322,9,0.0761995029230465
40,0.5,1,13456924125168110322,10,-0.01762358619105947
40,0.5,1,13456924125168110322,11,0.04727636990518136
40,0.5,1,13456924125168110322,12,0.06978676444495413
40,0.5,1,13456924125168110322,13,0.17033199026519136
40,0.5,1,13456924125168110322,14,-0.24202191928877276
40,0.5,1,13456924125168110322,15,0.011141865109778104
40,0.5,1,13456924125168110322,16,0.22388726911364437
40,0.5,1,13456924125168110322,17,0.06609589233205065
40,0.5,1,13456924125168110322,18,0.11715515966217599
40,0.5,1,13456924125168110322,19,-0.1085312519350457
40,0.5,1,13456924125168110322,20,0.2014760250199975
40,0.5,1,13456924125168110322,21,-0.01927476413182455
40,0.5,1,13456924125168110322,22,-0.19631480829865805
40,0.5,1,13456924125168110322,23,-0.21376640077490966
40,0.5,1,13456924125168110322,24,0.21365570488070024
40,0.5,1,13456924125168110322,25,0.04198478235315384
40,0.5,1,13456924125168110322,26,0.06605840235210814
40,0.5,1,13456924125168110322,27,-0.12370324441140929
40,0.5,1,13456924125168110322,28,0.0007306578482276782
40,0.5,1,13456924125168110322,29,0.0007369307631521216
40,0.5,1,13456924125168110322,30,0.06217524489039755
40,0.5,1,13456924125168110322,31,-0.1494331457215533
40,0.5,1,13456924125168110322,32,0.07987836946260618
40,0.5,1,13456924125168110322,33,0.22694465805424974
40,0.5,1,13456924125168110322,34,0.06068788547609577
40,0.5,1,13456924125168110322,35,0.19182947084084084
40,0.5,1,13456924125168110322,36,-0.2143625308204527
40,0.5,1,13456924125168110322,37,0.13133041571069726
40,0.5,1,13456924125168110322,38,-0.24704960636944057
40,0.5,1,13456924125168110322,39,-0.06725648099728482
40,0.5,2,1504895271943579835,0,0.0672493426526023
40,0.5,2,1504895271943579835,1,-0.12100743499278904
40,0.5,2,1504895271943579835,2,-0.08578548285573279
40,0.5,2,1504895271943579835,3,-0.11905820422054536
40,0.5,2,1504895271943579835,4,-0.19705282455124418
40,0.5,2,1504895271943579835,5,-0.12384189335288714
40,0.5,2,1504895271943579835,6,0.17665271907580438
40,0.5,2,1504895271943579835,7,0.24809592943246456
40,0.5,2,1504895271943579835,8,0.1279562218915286
40,0.5,2,1504895271943579835,9,0.1658665812716552
40,0.5,2,1504895271943579835,10,0.05102548095291243
40,0.5,2,1504895271943579835,11,0.1904537881866123
40,0.5,2,1504895271943579835,12,-0.07149897996669513
40,0.5,2,1504895271943579835,13,-0.13562506622823672
40,0.5,2,1504895271943579835,14,-0.16934843133115818
40,0.5,2,1504895271943579835,15,0.23746823551351748
40,0.5,2,1504895271943579835,16,0.230092532315207
40,0.5,2,1504895271943579835,17,0.03469213514894359
40,0.5,2,1504895271943579835,18,-0.08382815657250664
40,0.5,2,1504895271943579835,19,0.1707575246612451
40,0.5,2,1504895271943579835,20,-0.12172441084293373
40,0.5,2,1504895271943579835,21,0.06114943348028673
40,0.5,2,1504895271943579835,22,-0.09956239114865029
40,0.5,2,1504895271943579835,23,0.2414092094453179
40,0.5,2,1504895271943579835,24,0.17857701613042798
40,0.5,2,1504895271943579835,25,-0.009357024986192175
40,0.5,2,1504895271943579835,26,0.051885777612474926
40,0.5,2,1504895271943579835,27,-0.08373005988888704
40,0.5,2,1504895271943579835,28,-0.00028059330698304574
40,0.5,2,1504895271943579835,29,-0.02549062512670014
40,0.5,2,1504895271943579835,30,-0.12024908373355542
40,0.5,2,1504895271943579835,31,0.14151443543953762
40,0.5,2,1504895271943579835,32,0.21567237484172302
40,0.5,2,1504895271943579835,33,-0.15588390916332784
40,0.5,2,1504895271943579835,34,-0.08374467491501925
40,0.5,2,1504895271943579835,35,0.06186163632684544
40,0.5,2,1504895271943579835,36,0.2199939726125691
40,0.5,2,1504895271943579835,37,-0.09642154117756285
40,0.5,2,1504895271943579835,38,-0.1420879813030198
40,0.5,2,1504895271943579835,39,0.015361985580850834
40,0.5,3,4700911280483236614,0,0.24014326547871462
40,0.5,3,4700911280483236614,1,0.16288900226597475
40,0.5,3,4700911280483236614,2,-0.19750139431852015
40,0.5,3,4700911280483236614,3,-0.22853856704423053
40,0.5,3,4700911280483236614,4,0.14779020466975734
40,0.5,3,4700911280483236614,5,-0.08586199081962542
40,0.5,3,4700911280483236614,6,0.0453116235162217
40,0.5,3,4700911280483236614,7,-0.06013966946717603
40,0.5,3,4700911280483236614,8,0.19617258564252998
40,0.5,3,4700911280483236614,9,0.15976777762936512
40,0.5,3,4700911280483236614,10,0.20085176962377793
40,0.5,3,4700911280483236614,11,0.038770499711958395
40,0.5,3,4700911280483236614,12,-0.0029669017176307544
40,0.5,3,4700911280483236614,13,0.12334538712526671
40,0.5,3,4700911280483236614,14,-0.1396157560163826
40,0.5,3,4700911280483236614,15,-0.2014635224407439
40,0.5,3,4700911280483236614,16,0.01334457487809615
40,0.5,3,4700911280483236614,17,0.12480096306946142
40,0.5,3,4700911280483236614,18,-0.12717464275165474
40,0.5,3,4700911280483236614,19,0.19733102272588593
40,0.5,3,4700911280483236614,20,0.010523744445622485
40,0.5,3,4700911280483236614,21,-0.1034793639789775
40,0.5,3,4700911280483236614,22,0.2384457207478653
40,0.5,3,4700911280483236614,23,0.05187430740656068
40,0.5,3,4700911280483236614,24,0.2427665805185864
40,0.5,3,4700911280483236614,25,-0.008099316148599267
40,0.5,3,4700911280483236614,26,-0.0249918326845604
40,0.5,3,4700911280483236614,27,0.09576851700162314
40,0.5,3,4700911280483236614,28,-0.23001176662036366
40,0.5,3,4700911280483236614,29,-0.059615211433369286
40,0.5,3,4700911280483236614,30,0.1379769133815235
40,0.5,3,4700911280483236614,31,0.06743594597409247
40,0.5,3,4700911280483236614,32,0.17344400467974486
40,0.5,3,4700911280483236614,33,0.03768446648071233
40,0.5,3,4700911280483236614,34,-0.19564235732800617
40,0.5,3,4700911280483236614,35,0.0666718528364248
40,0.5,3,4700911280483236614,36,-0.1863272845735442
40,0.5,3,4700911280483236614,37,-0.2213576837152877
40,0.5,3,4700911280483236614,38,0.18155219827808228
40,0.5,3,4700911280483236614,39,0.07824910121397427
40,1.0,0,17350011124312818198,0,-0.4900052931784197
40,1.0,0,17350011124312818198,1,0.07824699476540109
40,1.0,0,17350011124312818198,2,-0.009286103701174442
40,1.0,0,17350011124312818198,3,-0.10968008979427779
40,1.0,0,17350011124312818198,4,-0.4631400558475306
40,1.0,0,17350011124312818198,5,0.12270254413384352
40,1.0,0,17350011124312818198,6,0.24516217424618592
40,1.0,0,17350011124312818198,7,0.159304476765307
40,1.0,0,17350011124312818198,8,-0.2222396401122947
40,1.0,0,17350011124312818198,9,0.011942902645895592
40,1.0,0,17350011124312818198,10,0.48417495182251447
40,1.0,0,17350011124312818198,11,0.4173856171607532
40,1.0,0,17350011124312818198,12,-0.35189830694422664
40,1.0,0,17350011124312818198,13,-0.3920313398579771
40,1.0,0,17350011124312818198,14,0.06415278178776262
40,1.0,0,17350011124312818198,15,-0.2680323755586911
40,1.0,0,17350011124312818198,16,-0.2950905406007772
40,1.0,0,17350011124312818198,17,0.31699150910235363
40,1.0,0,17350011124312818198,18,-0.36014981715511396
40,1.0,0,17350011124312818198,19,0.3186709054643426
40,1.0,0,17350011124312818198,20,0.2716972314404561
40,1.0,0,17350011124312818198,21,0.11429332142123938
40,1.0,0,17350011124312818198,22,0.4777326109554192
40,1.0,0,17350011124312818198,23,0.2349054429128593
40,1.0,0,17350011124312818198,24,-0.003449673981546053
40,1.0,0,17350011124312818198,25,0.39533317026208725
40,1.0,0,17350011124312818198,26,0.10644029170854352
40,1.0,0,17350011124312818198,27,0.040919321016377186
40,1.0,0,17350011124312818198,28,-0.3522948185137429
40,1.0,0,17350011124312818198,29,-0.2926732188744182
40,1.0,0,17350011124312818198,30,-0.20994552227139407
40,1.0,0,17350011124312818198,31,0.11311103806670975
40,1.0,0,17350011124312818198,32,0.17939462276687979
40,1.0,0,17350011124312818198,33,-0.43001555145486914
40,1.0,0,17350011124312818198,34,-0.05898270132865635
40,1.0,0,17350011124312818198,35,-0.001269397480982981
40,1.0,0,17350011124312818198,36,0.1155447501676865
40,1.0,0,17350011124312818198,37,-0.30324072182823436
40,1.0,0,17350011124312818198,38,-0.16423261363220654
40,1.0,0,17350011124312818198,39,-0.28759012371889403
40,1.0,1,7421439260898881453,0,-0.4329999112523998
40,1.0,1,7421439260898881453,1,0.33189383907747105
40,1.0,1,7421439260898881453,2,-0.16723327674160915
40,1.0,1,7421439260898881453,3,-0.3087506046714267
40,1.0,1,7421439260898881453,4,0.12293364330189971
40,1.0,1,7421439260898881453,5,0.4503987313071889
40,1.0,1,7421439260898881453,6,-0.33763914251574445
40,1.0,1,7421439260898881453,7,0.29741452953835357
40,1.0,1,7421439260898881453,8,-0.15601892946783258
40,1.0,1,7421439260898881453,9,0.3682334043786417
40,1.0,1,7421439260898881453,10,0.31582379893157686
40,1.0,1,7421439260898881453,11,-0.2438657952511949
40,1.0,1,7421439260898881453,12,-0.11640264055288585
40,1.0,1,7421439260898881453,13,0.47080952907686324
40,1.0,1,7421439260898881453,14,-0.38462470657772463
40,1.0,1,7421439260898881453,15,-0.05581407539457506
40,1.0,1,7421439260898881453,16,0.2528935093121749
40,1.0,1,7421439260898881453,17,-0.3551708776988809
40,1.0,1,7421439260898881453,18,-0.19677077546011057
40,1.0,1,7421439260898881453,19,0.1736103743177949
40,1.0,1,7421439260898881453,20,0.203656234118895
40,1.0,1,7421439260898881453,21,0.06510003405277043
40,1.0,1,7421439260898881453,22,-0.400162995424458
40,1.0,1,7421439260898881453,23,0.40784448294050757
40,1.0,1,7421439260898881453,24,0.12418928814212826
40,1.0,1,7421439260898881453,25,-0.4947622192890583
40,1.0,1,7421439260898881453,26,-0.2936693636211706
40,1.0,1,7421439260898881453,27,-0.09561256582119937
40,1.0,1,7421439260898881453,28,0.4065397247420739
40,1.0,1,7421439260898881453,29,-0.2584541575074073
40,1.0,1,7421439260898881453,30,-0.3418631349211604
40,1.0,1,7421439260898881453,31,0.478189031805475
40,1.0,1,7421439260898881453,32,-0.27275356950680074
40,1.0,1,7421439260898881453,33,-0.35977431154451567
40,1.0,1,7421439260898881453,34,-0.08222031562326149
40,1.0,1,7421439260898881453,35,0.03936057266132009
40,1.0,1,7421439260898881453,36,-0.14984456596888696
40,1.0,1,7421439260898881453,37,0.1692827389619428
40,1.0,1,7421439260898881453,38,-0.11330797192591613
40,1.0,1,7421439260898881453,39,0.21416908963618053
40,1.0,2,307010162493472910,0,-0.10540815421637229
40,1.0,2,307010162493472910,1,0.10549546909977225
40,1.0,2,307010162493472910,2,0.4919459534379589
40,1.0,2,307010162493472910,3,-0.11701585357242295
40,1.0,2,307010162493472910,4,0.3437848951741893
40,1.0,2,307010162493472910,5,0.4911280646249879
40,1.0,2,307010162493472910,6,-0.22928061017033485
40,1.0,2,307010162493472910,7,0.16840799438291143
40,1.0,2,307010162493472910,8,-0.17531690769559793
40,1.0,2,307010162493472910,9,-0.12504722976446925
40,1.0,2,307010162493472910,10,0.11996613770662401
40,1.0,2,307010162493472910,11,0.01807988910226732
40,1.0,2,307010162493472910,12,-0.3222532833493881
40,1.0,2,307010162493472910,13,-0.14884896901968503
40,1.0,2,307010162493472910,14,-0.21217388566682427
40,1.0,2,307010162493472910,15,-0.34704224242446036
40,1.0,2,307010162493472910,16,0.180320474096609
40,1.0,2,307010162493472910,17,0.4791754106716857
40,1.0,2,307010162493472910,18,-0.15951730408036102
40,1.0,2,307010162493472910,19,-0.1704688372233536
40,1.0,2,307010162493472910,20,0.4891195343316952
40,1.0,2,307010162493472910,21,-0.05099478539389424
40,1.0,2,307010162493472910,22,-0.020649416268916476
40,1.0,2,307010162493472910,23,0.0008540448261360467
40,1.0,2,307010162493472910,24,0.05192763750541962
40,1.0,2,307010162493472910,25,-0.344604985188683
40,1.0,2,307010162493472910,26,-0.4414076178915447
40,1.0,2,307010162493472910,27,0.008657502540317719
40,1.0,2,307010162493472910,28,0.20142183847023443
40,1.0,2,307010162493472910,29,-0.3820686470333642
40,1.0,2,307010162493472910,30,0.02031318959560402
40,1.0,2,307010162493472910,31,-0.013101123604073228
40,1.0,2,307010162493472910,32,-0.15475899540155147
40,1.0,2,307010162493472910,33,-0.3816554072125311
40,1.0,2,307010162493472910,34,-0.11346563991690872
40,1.0,2,307010162493472910,35,0.21266916818693637
40,1.0,2,307010162493472910,36,0.3328816858331973
40,1.0,2,307010162493472910,37,-0.1891658149136306
40,1.0,2,307010162493472910,38,-0.25534861280880616
40,1.0,2,307010162493472910,39,0.4718431241013509
40,1.0,3,1719195766092963734,0,0.22709118914185056
40,1.0,3,1719195766092963734,1,0.20803947027489544
40,1.0,3,1719195766092963734,2,-0.3127681961344285
40,1.0,3,1719195766092963734,3,-0.2711842535748641
40,1.0,3,1719195766092963734,4,0.4098039606593322
40,1.0,3,1719195766092963734,5,-0.11771178450939679
40,1.0,3,1719195766092963734,6,0.3778558808969924
40,1.0,3,1719195766092963734,7,-0.29287515039701484
40,1.0,3,1719195766092963734,8,-0.3700728229053236
40,1.0,3,1719195766092963734,9,0.2904472403352246
40,1.0,3,1719195766092963734,10,-0.161205388542623
40,1.0,3,1719195766092963734,11,0.2526182177811256
40,1.0,3,1719195766092963734,12,-0.20751110007467177
40,1.0,3,1719195766092963734,13,-0.4521151321308964
40,1.0,3,1719195766092963734,14,-0.11338053934151926
40,1.0,3,1719195766092963734,15,0.3725669156690289
40,1.0,3,1719195766092963734,16,-0.4231386672395919
40,1.0,3,1719195766092963734,17,-0.17744665406654736
40,1.0,3,1719195766092963734,18,-0.29855620923845294
40,1.0,3,1719195766092963734,19,0.2197907968813705
40,1.0,3,1719195766092963734,20,-0.012294030772373121
40,1.0,3,1719195766092963734,21,0.1921737870262934
40,1.0,3,1719195766092963734,22,0.48948641655310854
40,1.0,3,1719195766092963734,23,-0.1899641077709605
40,1.0,3,1719195766092963734,24,0.4822396445384427
40,1.0,3,1719195766092963734,25,0.4675244081474773
40,1.0,3,1719195766092963734,26,0.18236084588105617
40,1.0,3,1719195766092963734,27,0.06830262862642078
40,1.0,3,1719195766092963734,28,-0.24300631246918325
40,1.0,3,1719195766092963734,29,-0.3731915792720779
40,1.0,3,1719195766092963734,30,-0.055065998726014365
40,1.0,3,1719195766092963734,31,0.026257897772175243
40,1.0,3,1719195766092963734,32,-0.09242617960315469
40,1.0,3,1719195766092963734,33,-0.058396566248434256
40,1.0,3,1719195766092963734,34,-0.4802274590571013
40,1.0,3,1719195766092963734,35,0.24231422159624794
40,1.0,3,1719195766092963734,36,-0.2832190188992584
40,1.0,3,1719195766092963734,37,-0.20940671643305142
40,1.0,3,1719195766092963734,38,0.004015389142216885
40,1.0,3,1719195766092963734,39,-0.029099974840402276
40,2.0,0,9929217782264525756,0,-0.2861447005242801
40,2.0,0,9929217782264525756,1,-0.05261394756961835
40,2.0,0,9929217782264525756,2,-0.11437027646239795
40,2.0,0,9929217782264525756,3,-0.5373706192704588
40,2.0,0,9929217782264525756,4,-0.11163661689987459
40,2.0,0,9929217782264525756,5,0.7833333362918546
40,2.0,0,9929217782264525756,6,-0.61540023318289
40,2.0,0,9929217782264525756,7,0.5114850327814169
40,2.0,0,9929217782264525756,8,-0.9769355106069113
40,2.0,0,9929217782264525756,9,0.18600049789462458
40,2.0,0,9929217782264525756,10,0.22439831835833757
40,2.0,0,9929217782264525756,11,-0.10659975871521477
40,2.0,0,9929217782264525756,12,0.07704432042583065
40,2.0,0,9929217782264525756,13,-0.9524136256536524
40,2.0,0,9929217782264525756,14,0.9728008426893551
40,2.0,0,9929217782264525756,15,0.07390981013378761
40,2.0,0,9929217782264525756,16,-0.06738944996774165
40,2.0,0,9929217782264525756,17,0.6086257477181312
40,2.0,0,9929217782264525756,18,-0.8964469588953619
40,2.0,0,9929217782264525756,19,-0.8534816001181886
40,2.0,0,9929217782264525756,20,0.24904254656123426
40,2.0,0,9929217782264525756,21,-0.22718414520508579
40,2.0,0,9929217782264525756,22,0.03425975658418401
40,2.0,0,9929217782264525756,23,-0.10833092006328338
40,2.0,0,9929217782264525756,24,-0.7947871647241216
40,2.0,0,9929217782264525756,25,-0.9927505056188906
40,2.0,0,9929217782264525756,26,-0.34381049246469164
40,2.0,0,9929217782264525756,27,0.5369854815896395
40,2.0,0,9929217782264525756,28,-0.1718626228647755
40,2.0,0,9929217782264525756,29,-0.6680413406082897
40,2.0,0,9929217782264525756,30,-0.2831895101990285
40,2.0,0,9929217782264525756,31,-0.6751785039408871
40,2.0,0,9929217782264525756,32,-0.05316349218518446
40,2.0,0,9929217782264525756,33,-0.2752241975105967
40,2.0,0,9929217782264525756,34,-0.9612950951772079
40,2.0,0,9929217782264525756,35,-0.9339421514867761
40,2.0,0,9929217782264525756,36,0.129197784622628
40,2.0,0,9929217782264525756,37,0.6931403555089246
40,2.0,0,9929217782264525756,38,-0.03226880851692426
40,2.0,0,9929217782264525756,39,0.497622471609088
40,2.0,1,17824779566504758883,0,-0.31056999072174074
40,2.0,1,17824779566504758883,1,0.412389736383759
40,2.0,1,17824779566504758883,2,0.8070248515473861
40,2.0,1,17824779566504758883,3,-0.5932566727559265
40,2.0,1,17824779566504758883,4,0.48761205777242345
40,2.0,1,17824779566504758883,5,-0.992427862397026
40,2.0,1,17824779566504758883,6,0.7232416677332913
40,2.0,1,17824779566504758883,7,0.7579818758320718
40,2.0,1,17824779566504758883,8,-0.05845138120452198
40,2.0,1,17824779566504758883,9,0.47476300193317034
40,2.0,1,17824779566504758883,10,-0.13408906851085467
40,2.0,1,17824779566504758883,11,-0.4473609938199694
40,2.0,1,17824779566504758883,12,-0.5466656409810029
40,2.0,1,17824779566504758883,13,-0.04372652622397455
40,2.0,1,17824779566504758883,14,0.2044837950167926
40,2.0,1,17824779566504758883,15,-0.39882018329969804
40,2.0,1,17824779566504758883,16,-0.5832768884110686
40,2.0,1,17824779566504758883,17,-0.9388638658883302
40,2.0,1,17824779566504758883,18,0.7269471001131462
40,2.0,1,17824779566504758883,19,-0.33167715792337504
40,2.0,1,17824779566504758883,20,-0.36462635704170343
40,2.0,1,17824779566504758883,21,-0.012267629130087387
40,2.0,1,17824779566504758883,22,-0.9451724128461851
40,2.0,1,17824779566504758883,23,-0.8769705945234949
40,2.0,1,17824779566504758883,24,-0.8431527804141556
40,2.0,1,17824779566504758883,25,0.555005766867954
40,2.0,1,17824779566504758883,26,0.656279298009278
40,2.0,1,17824779566504758883,27,0.6688223087125855
40,2.0,1,17824779566504758883,28,0.5127893729102
40,2.0,1,17824779566504758883,29,-0.5422932598572767
40,2.0,1,17824779566504758883,30,-0.8855557855510192
40,2.0,1,17824779566504758883,31,0.777159317778713
40,2.0,1,17824779566504758883,32,-0.6517568704361805
40,2.0,1,17824779566504758883,33,0.5167303552805591
40,2.0,1,17824779566504758883,34,0.7926346354572928
40,2.0,1,17824779566504758883,35,-0.5374074444963322
40,2.0,1,17824779566504758883,36,-0.6165973199369084
40,2.0,1,17824779566504758883,37,-0.9016131592954448
40,2.0,1,17824779566504758883,38,0.9751396981287792
40,2.0,1,17824779566504758883,39,0.7843589378261022
40,2.0,2,16108166665311063383,0,-0.4944477822524671
40,2.0,2,16108166665311063383,1,0.09703461024873916
40,2.0,2,16108166665311063383,2,0.7109153284979599
40,2.0,2,16108166665311063383,3,-0.7506043292355338
40,2.0,2,16108166665311063383,4,0.13690906580922557
40,2.0,2,16108166665311063383,5,0.5467347947629075
40,2.0,2,16108166665311063383,6,0.17585499316096787
40,2.0,2,16108166665311063383,7,0.5154418475610425
40,2.0,2,16108166665311063383,8,-0.5844570427637994
40,2.0,2,16108166665311063383,9,0.7691349882475542
40,2.0,2,16108166665311063383,10,0.8221234898363756
40,2.0,2,16108166665311063383,11,0.5616782418485846
40,2.0,2,16108166665311063383,12,-0.6559991103776879
40,2.0,2,16108166665311063383,13,0.029375247800255577
40,2.0,2,16108166665311063383,14,-0.11190078971906581
40,2.0,2,16108166665311063383,15,-0.7496961697465561
40,2.0,2,16108166665311063383,16,0.5787042022807389
40,2.0,2,16108166665311063383,17,0.4113217134577536
40,2.0,2,16108166665311063383,18,0.49625686427268323
40,2.0,2,16108166665311063383,19,-0.03797609306352001
40,2.0,2,16108166665311063383,20,-0.4654341442201786
40,2.0,2,16108166665311063383,21,-0.9882010516000339
40,2.0,2,16108166665311063383,22,0.6849542266340001
40,2.0,2,16108166665311063383,23,-0.14980721551843645
40,2.0,2,16108166665311063383,24,-0.6124203170707472
40,2.0,2,16108166665311063383,25,0.23224654639558207
40,2.0,2,16108166665311063383,26,0.5000166956051184
40,2.0,2,16108166665311063383,27,0.40972802252749063
40,2.0,2,16108166665311063383,28,-0.913555724451413
40,2.0,2,16108166665311063383,29,-0.8292766736301127
40,2.0,2,16108166665311063383,30,0.8733879671052509
40,2.0,2,16108166665311063383,31,-0.8442820853234232
40,2.0,2,16108166665311063383,32,0.2937997303007114
40,2.0,2,16108166665311063383,33,-0.891340534154843
40,2.0,2,16108166665311063383,34,0.9695541724254095
40,2.0,2,16108166665311063383,35,0.23384771749628785
40,2.0,2,16108166665311063383,36,-0.6822698385222952
40,2.0,2,16108166665311063383,37,0.08297866971410728
40,2.0,2,16108166665311063383,38,0.8060911551544536
40,2.0,2,16108166665311063383,39,0.8029864625301812
40,2.0,3,6404431494475800918,0,-0.7522565822028768
40,2.0,3,6404431494475800918,1,-0.5203514020989952
40,2.0,3,6404431494475800918,2,0.4993096598152087
40,2.0,3,6404431494475800918,3,0.4482197581710059
40,2.0,3,6404431494475800918,4,0.48082636551453994
40,2.0,3,6404431494475800918,5,0.4638747134181678
40,2.0,3,6404431494475800918,6,0.06004012706333528
40,2.0,3,6404431494475800918,7,0.54422996400405
40,2.0,3,6404431494475800918,8,-0.5578851400623634
40,2.0,3,6404431494475800918,9,-0.12757488366411507
40,2.0,3,6404431494475800918,10,-0.7435760548327897
40,2.0,3,6404431494475800918,11,-0.4680611501531764
40,2.0,3,6404431494475800918,12,-0.6824836113336661
40,2.0,3,6404431494475800918,13,-0.3241556534911876
40,2.0,3,6404431494475800918,14,0.536380150634562
40,2.0,3,6404431494475800918,15,-0.770650905416282
40,2.0,3,6404431494475800918,16,0.6227523082275155
40,2.0,3,6404431494475800918,17,-0.7533898783627926
40,2.0,3,6404431494475800918,18,-0.409094267945439
40,2.0,3,6404431494475800918,19,0.029047283762408727
40,2.0,3,6404431494475800918,20,0.24597478244270832
40,2.0,3,6404431494475800918,21,-0.02673536917099595
40,2.0,3,6404431494475800918,22,0.5217638030101666
40,2.0,3,6404431494475800918,23,-0.5545161136993622
40,2.0,3,6404431494475800918,24,-0.389117622741906
40,2.0,3,6404431494475800918,25,-0.5728318013870608
40,2.0,3,6404431494475800918,26,-0.09373906340774174
40,2.0,3,6404431494475800918,27,-0.8597002537135154
40,2.0,3,6404431494475800918,28,0.05122834237702811
40,2.0,3,6404431494475800918,29,0.009909485060365819
40,2.0,3,6404431494475800918,30,-0.05669589649543827
40,2.0,3,6404431494475800918,31,0.9693063646405433
40,2.0,3,6404431494475800918,32,-0.1613750708488404
40,2.0,3,6404431494475800918,33,-0.9340636232058936
40,2.0,3,6404431494475800918,34,0.19886551034387168
40,2.0,3,6404431494475800918,35,-0.3441060091494812
40,2.0,3,6404431494475800918,36,0.5378248485543897
40,2.0,3,6404431494475800918,37,0.2835606966902695
40,2.0,3,6404431494475800918,38,-0.4143873267260101
40,2.0,3,6404431494475800918,39,-0.28850094964030637
