energy,transmission,N_open,dimensionless_conductance_g,conductance_S,nearest_mode_threshold_distance
-3.75,3.9181780904623066e-52,0,3.9181780904623066e-52,3.035840325884394e-56,0.1319660112501051
-3.74,3.0419591330469856e-51,0,3.0419591330469856e-51,2.3569378401344544e-55,0.12196601125010531
-3.73,2.153349307959883e-52,0,2.153349307959883e-52,1.668434796451158e-56,0.11196601125010508
-3.72,7.870877921343018e-51,0,7.870877921343018e-51,6.098428412912422e-55,0.10196601125010529
-3.71,6.502601004338461e-50,0,6.502601004338461e-50,5.038274906431789e-54,0.09196601125010506
-3.7,3.85738338225163e-49,0,3.85738338225163e-49,2.9887360282937324e-53,0.08196601125010528
-3.69,1.4213157138553317e-49,0,1.4213157138553317e-49,1.1012484528047744e-53,0.07196601125010504
-3.68,6.791711293411573e-50,0,6.791711293411573e-50,5.262280210410375e-54,0.06196601125010526
-3.67,7.099130162811548e-50,0,7.099130162811548e-50,5.500471170370573e-54,0.051966011250105026
-3.66,2.2575138186392527e-48,0,2.2575138186392527e-48,1.74914241482517e-52,0.04196601125010524
-3.65,3.7428973613556234e-47,0,3.7428973613556234e-47,2.9000312091247976e-51,0.03196601125010501
-3.64,1.6316340929706622e-48,0,1.6316340929706622e-48,1.2642050621909563e-52,0.021966011250105222
-3.63,1.6219416718222015e-48,0,1.6219416718222015e-48,1.256695285376682e-52,0.011966011250104991
-3.62,3.178751118049384e-46,0,3.178751118049384e-46,2.462925524905326e-50,0.001966011250105204
-3.61,0.9999999999999996,1,0.9999999999999996,7.748091729863645e-05,0.008033988749895027
-3.6,0.9999999999999989,1,0.9999999999999989,7.74809172986364e-05,0.018033988749894814
-3.59,1.0000000000000004,1,1.0000000000000004,7.748091729863653e-05,0.028033988749895045
-3.58,1.0000000000000004,1,1.0000000000000004,7.748091729863653e-05,0.03803398874989483
-3.57,0.9999999999999997,1,0.9999999999999997,7.748091729863646e-05,0.04803398874989506
-3.56,1.0000000000000009,1,1.0000000000000009,7.748091729863655e-05,0.05803398874989485
-3.55,0.9999999999999978,1,0.9999999999999978,7.748091729863631e-05,0.06803398874989508
-3.54,1.0000000000000013,1,1.0000000000000013,7.74809172986366e-05,0.07803398874989487
-3.53,0.9999999999999997,1,0.9999999999999997,7.748091729863646e-05,0.0880339887498951
-3.52,0.9999999999999998,1,0.9999999999999998,7.748091729863647e-05,0.09803398874989488
-3.51,1.0000000000000018,1,1.0000000000000018,7.748091729863662e-05,0.10803398874989512
-3.5,1.0,1,1.0,7.748091729863649e-05,0.1180339887498949
-3.49,1.0000000000000024,1,1.0000000000000024,7.748091729863668e-05,0.1280339887498947
-3.48,1.0000000000000004,1,1.0000000000000004,7.748091729863653e-05,0.13803398874989492
-3.4699999999999998,0.9999999999999998,1,0.9999999999999998,7.748091729863647e-05,0.14803398874989515
-3.46,0.9999999999999988,1,0.9999999999999988,7.748091729863639e-05,0.15803398874989494
-3.45,1.0000000000000013,1,1.0000000000000013,7.74809172986366e-05,0.16803398874989472
-3.44,1.0000000000000004,1,1.0000000000000004,7.748091729863653e-05,0.17803398874989496
-3.43,1.0,1,1.0,7.748091729863649e-05,0.18803398874989474
-3.42,1.0000000000000009,1,1.0000000000000009,7.748091729863655e-05,0.19803398874989497
-3.41,1.0000000000000002,1,1.0000000000000002,7.74809172986365e-05,0.20803398874989476
-3.4,1.0000000000000022,1,1.0000000000000022,7.748091729863666e-05,0.218033988749895
-3.39,0.9999999999999996,1,0.9999999999999996,7.748091729863645e-05,0.22803398874989478
-3.38,1.0000000000000007,1,1.0000000000000007,7.748091729863654e-05,0.238033988749895
-3.37,1.0000000000000004,1,1.0000000000000004,7.748091729863653e-05,0.2480339887498948
-3.36,1.0000000000000009,1,1.0000000000000009,7.748091729863655e-05,0.258033988749895
-3.35,1.0000000000000009,1,1.0000000000000009,7.748091729863655e-05,0.2680339887498948
-3.34,0.9999999999999998,1,0.9999999999999998,7.748091729863647e-05,0.27803398874989504
-3.33,1.0000000000000009,1,1.0000000000000009,7.748091729863655e-05,0.28803398874989483
-3.32,1.0000000000000009,1,1.0000000000000009,7.748091729863655e-05,0.29803398874989506
-3.31,0.9999999999999991,1,0.9999999999999991,7.748091729863642e-05,0.30803398874989485
-3.3,0.9999999999999987,1,0.9999999999999987,7.748091729863638e-05,0.3180339887498951
-3.29,0.9999999999999992,1,0.9999999999999992,7.748091729863643e-05,0.32803398874989487
-3.28,1.0000000000000007,1,1.0000000000000007,7.748091729863654e-05,0.3380339887498951
-3.27,1.0,1,1.0,7.748091729863649e-05,0.3480339887498949
-3.26,0.9999999999999998,1,0.9999999999999998,7.748091729863647e-05,0.3580339887498951
-3.25,0.9999999999999993,1,0.9999999999999993,7.748091729863643e-05,0.3680339887498949
-3.24,0.9999999999999977,1,0.9999999999999977,7.748091729863631e-05,0.3780339887498947
-3.23,1.0000000000000013,1,1.0000000000000013,7.74809172986366e-05,0.3880339887498949
-3.2199999999999998,0.9999999999999996,1,0.9999999999999996,7.748091729863645e-05,0.39803398874989515
-3.21,1.0000000000000013,1,1.0000000000000013,7.74809172986366e-05,0.40803398874989494
-3.2,0.9999999999999998,1,0.9999999999999998,7.748091729863647e-05,0.4180339887498947
-3.19,0.9999999999999998,1,0.9999999999999998,7.748091729863647e-05,0.42803398874989496
-3.1799999999999997,0.9999999999999999,1,0.9999999999999999,7.748091729863647e-05,0.4380339887498952
-3.17,1.0000000000000009,1,1.0000000000000009,7.748091729863655e-05,0.448033988749895
-3.16,1.0000000000000013,1,1.0000000000000013,7.74809172986366e-05,0.45803398874989476
-3.15,0.9999999999999993,1,0.9999999999999993,7.748091729863643e-05,0.468033988749895
-3.14,0.9999999999999999,1,0.9999999999999999,7.748091729863647e-05,0.4780339887498948
-3.13,1.0,1,1.0,7.748091729863649e-05,0.488033988749895
-3.12,1.0000000000000016,1,1.0000000000000016,7.748091729863661e-05,0.4980339887498948
-3.11,0.9999999999999987,1,0.9999999999999987,7.748091729863638e-05,0.4919660112501054
-3.1,1.0000000000000009,1,1.0000000000000009,7.748091729863655e-05,0.48196601125010563
-3.09,1.0000000000000004,1,1.0000000000000004,7.748091729863653e-05,0.4719660112501054
-3.08,0.9999999999999987,1,0.9999999999999987,7.748091729863638e-05,0.4619660112501056
-3.07,1.0000000000000002,1,1.0000000000000002,7.74809172986365e-05,0.4519660112501054
-3.06,0.999999999999999,1,0.999999999999999,7.74809172986364e-05,0.4419660112501056
-3.05,0.9999999999999997,1,0.9999999999999997,7.748091729863646e-05,0.43196601125010536
-3.04,0.9999999999999998,1,0.9999999999999998,7.748091729863647e-05,0.4219660112501056
-3.0300000000000002,1.0000000000000018,1,1.0000000000000018,7.748091729863662e-05,0.4119660112501058
-3.02,1.0000000000000004,1,1.0000000000000004,7.748091729863653e-05,0.40196601125010556
-3.01,1.000000000000001,1,1.000000000000001,7.748091729863657e-05,0.39196601125010533
-3.0,0.9999999999999996,1,0.9999999999999996,7.748091729863645e-05,0.38196601125010554
-2.99,0.9999999999999994,1,0.9999999999999994,7.748091729863645e-05,0.37196601125010575
-2.98,0.9999999999999994,1,0.9999999999999994,7.748091729863645e-05,0.3619660112501055
-2.9699999999999998,1.0,1,1.0,7.748091729863649e-05,0.3519660112501053
-2.96,1.0000000000000004,1,1.0000000000000004,7.748091729863653e-05,0.3419660112501055
-2.95,0.9999999999999992,1,0.9999999999999992,7.748091729863643e-05,0.3319660112501057
-2.94,0.9999999999999986,1,0.9999999999999986,7.748091729863638e-05,0.3219660112501055
-2.9299999999999997,0.9999999999999996,1,0.9999999999999996,7.748091729863645e-05,0.31196601125010526
-2.92,0.9999999999999993,1,0.9999999999999993,7.748091729863643e-05,0.30196601125010547
-2.91,1.0000000000000013,1,1.0000000000000013,7.74809172986366e-05,0.2919660112501057
-2.9,1.0000000000000009,1,1.0000000000000009,7.748091729863655e-05,0.28196601125010545
-2.89,1.0,1,1.0,7.748091729863649e-05,0.27196601125010567
-2.88,1.0000000000000004,1,1.0000000000000004,7.748091729863653e-05,0.26196601125010543
-2.87,0.9999999999999998,1,0.9999999999999998,7.748091729863647e-05,0.25196601125010565
-2.86,1.000000000000001,1,1.000000000000001,7.748091729863657e-05,0.24196601125010542
-2.85,0.999999999999999,1,0.999999999999999,7.74809172986364e-05,0.23196601125010563
-2.84,1.0000000000000004,1,1.0000000000000004,7.748091729863653e-05,0.2219660112501054
-2.83,1.0000000000000004,1,1.0000000000000004,7.748091729863653e-05,0.2119660112501056
-2.82,1.0,1,1.0,7.748091729863649e-05,0.20196601125010538
-2.81,1.0000000000000004,1,1.0000000000000004,7.748091729863653e-05,0.1919660112501056
-2.8,0.9999999999999997,1,0.9999999999999997,7.748091729863646e-05,0.18196601125010536
-2.79,1.0,1,1.0,7.748091729863649e-05,0.17196601125010558
-2.7800000000000002,1.0,1,1.0,7.748091729863649e-05,0.1619660112501058
-2.77,0.9999999999999987,1,0.9999999999999987,7.748091729863638e-05,0.15196601125010556
-2.76,1.0000000000000013,1,1.0000000000000013,7.74809172986366e-05,0.14196601125010533
-2.75,0.9999999999999981,1,0.9999999999999981,7.748091729863634e-05,0.13196601125010554
-2.74,1.0000000000000004,1,1.0000000000000004,7.748091729863653e-05,0.12196601125010575
-2.73,1.0000000000000002,1,1.0000000000000002,7.74809172986365e-05,0.11196601125010552
-2.7199999999999998,0.999999999999999,1,0.999999999999999,7.74809172986364e-05,0.10196601125010529
-2.71,1.0,1,1.0,7.748091729863649e-05,0.0919660112501055
-2.7,1.0000000000000009,1,1.0000000000000009,7.748091729863655e-05,0.08196601125010572
-2.69,0.9999999999999991,1,0.9999999999999991,7.748091729863642e-05,0.07196601125010549
-2.6799999999999997,0.9999999999999993,1,0.9999999999999993,7.748091729863643e-05,0.06196601125010526
-2.67,1.0000000000000009,1,1.0000000000000009,7.748091729863655e-05,0.05196601125010547
-2.66,1.0000000000000013,1,1.0000000000000013,7.74809172986366e-05,0.041966011250105684
-2.65,1.0000000000000009,1,1.0000000000000009,7.748091729863655e-05,0.03196601125010545
-2.6399999999999997,0.9999999999999999,1,0.9999999999999999,7.748091729863647e-05,0.021966011250105222
-2.63,0.9999999999999994,1,0.9999999999999994,7.748091729863645e-05,0.011966011250105435
-2.62,1.0000000000000009,1,1.0000000000000009,7.748091729863655e-05,0.001966011250105648
-2.61,2.000000000000007,2,2.000000000000007,0.00015496183459727352,0.008033988749894583
-2.5999999999999996,2.0000000000000027,2,2.0000000000000027,0.0001549618345972732,0.018033988749894814
-2.59,1.9999999999999991,2,1.9999999999999991,0.0001549618345972729,0.0280339887498946
-2.58,2.000000000000006,2,2.000000000000006,0.00015496183459727346,0.03803398874989439
-2.5700000000000003,1.9999999999999987,2,1.9999999999999987,0.00015496183459727287,0.048033988749894174
-2.56,1.9999999999999982,2,1.9999999999999982,0.00015496183459727284,0.058033988749894405
-2.55,2.0,2,2.0,0.00015496183459727297,0.06803398874989464
-2.54,2.000000000000003,2,2.000000000000003,0.00015496183459727322,0.07803398874989442
-2.5300000000000002,1.999999999999999,2,1.999999999999999,0.0001549618345972729,0.08803398874989421
-2.52,2.0000000000000004,2,2.0000000000000004,0.000154961834597273,0.09803398874989444
-2.51,2.0,2,2.0,0.00015496183459727297,0.10803398874989467
-2.5,1.9999999999999987,2,1.9999999999999987,0.00015496183459727287,0.11803398874989446
-2.49,2.0000000000000018,2,2.0000000000000018,0.0001549618345972731,0.12803398874989425
-2.48,2.0,2,2.0,0.00015496183459727297,0.13803398874989448
-2.4699999999999998,1.9999999999999991,2,1.9999999999999991,0.0001549618345972729,0.1480339887498947
-2.46,2.000000000000003,2,2.000000000000003,0.00015496183459727322,0.1580339887498945
-2.45,2.0,2,2.0,0.00015496183459727297,0.16803398874989428
-2.44,2.000000000000001,2,2.000000000000001,0.00015496183459727306,0.1780339887498945
-2.4299999999999997,1.9999999999999987,2,1.9999999999999987,0.00015496183459727287,0.18803398874989474
-2.42,2.000000000000001,2,2.000000000000001,0.00015496183459727306,0.19803398874989453
-2.41,2.0000000000000018,2,2.0000000000000018,0.0001549618345972731,0.20803398874989432
-2.4,2.0000000000000018,2,2.0000000000000018,0.0001549618345972731,0.21803398874989455
-2.3899999999999997,2.0000000000000013,2,2.0000000000000013,0.00015496183459727308,0.22803398874989478
-2.38,1.9999999999999987,2,1.9999999999999987,0.00015496183459727287,0.23803398874989457
-2.37,1.9999999999999993,2,1.9999999999999993,0.00015496183459727292,0.24803398874989435
-2.36,1.9999999999999996,2,1.9999999999999996,0.00015496183459727295,0.2580339887498946
-2.3499999999999996,1.9999999999999991,2,1.9999999999999991,0.0001549618345972729,0.2680339887498948
-2.34,2.0,2,2.0,0.00015496183459727297,0.2780339887498946
-2.33,2.0000000000000013,2,2.0000000000000013,0.00015496183459727308,0.2880339887498944
-2.3200000000000003,1.9999999999999984,2,1.9999999999999984,0.00015496183459727287,0.2980339887498942
-2.31,2.000000000000001,2,2.000000000000001,0.00015496183459727306,0.3080339887498944
-2.3,1.9999999999999991,2,1.9999999999999991,0.0001549618345972729,0.31803398874989464
-2.29,1.999999999999998,2,1.999999999999998,0.0001549618345972728,0.3280339887498944
-2.2800000000000002,1.9999999999999993,2,1.9999999999999993,0.00015496183459727292,0.3380339887498942
-2.27,1.9999999999999991,2,1.9999999999999991,0.0001549618345972729,0.34803398874989444
-2.26,2.0,2,2.0,0.00015496183459727297,0.35803398874989467
-2.25,1.9999999999999993,2,1.9999999999999993,0.00015496183459727292,0.36803398874989446
-2.24,1.999999999999997,2,1.999999999999997,0.00015496183459727273,0.37803398874989425
-2.23,1.9999999999999993,2,1.9999999999999993,0.00015496183459727292,0.3880339887498945
-2.2199999999999998,1.9999999999999996,2,1.9999999999999996,0.00015496183459727295,0.3980339887498947
-2.21,1.9999999999999976,2,1.9999999999999976,0.00015496183459727278,0.4080339887498945
-2.2,1.9999999999999982,2,1.9999999999999982,0.00015496183459727284,0.4180339887498943
-2.19,2.000000000000001,2,2.000000000000001,0.00015496183459727306,0.4280339887498945
-2.1799999999999997,1.999999999999999,2,1.999999999999999,0.0001549618345972729,0.43803398874989474
-2.17,1.999999999999999,2,1.999999999999999,0.0001549618345972729,0.44803398874989453
-2.16,1.9999999999999993,2,1.9999999999999993,0.00015496183459727292,0.4580339887498943
-2.15,2.0000000000000027,2,2.0000000000000027,0.0001549618345972732,0.46803398874989455
-2.1399999999999997,2.000000000000001,2,2.000000000000001,0.00015496183459727306,0.4780339887498948
-2.13,2.0000000000000004,2,2.0000000000000004,0.000154961834597273,0.48803398874989457
-2.12,1.9999999999999998,2,1.9999999999999998,0.00015496183459727295,0.49803398874989435
-2.11,1.9999999999999987,2,1.9999999999999987,0.00015496183459727287,0.5080339887498946
-2.0999999999999996,2.0000000000000036,2,2.0000000000000036,0.00015496183459727325,0.5180339887498948
-2.09,2.0,2,2.0,0.00015496183459727297,0.5280339887498946
-2.08,2.000000000000001,2,2.000000000000001,0.00015496183459727306,0.5380339887498944
-2.0700000000000003,2.0,2,2.0,0.00015496183459727297,0.5480339887498942
-2.06,2.0,2,2.0,0.00015496183459727297,0.5580339887498944
-2.05,2.0000000000000013,2,2.0000000000000013,0.00015496183459727308,0.5680339887498946
-2.04,1.9999999999999982,2,1.9999999999999982,0.00015496183459727284,0.5780339887498944
-2.0300000000000002,2.0000000000000018,2,2.0000000000000018,0.0001549618345972731,0.5880339887498942
-2.02,2.000000000000001,2,2.000000000000001,0.00015496183459727306,0.5980339887498944
-2.01,1.999999999999999,2,1.999999999999999,0.0001549618345972729,0.6080339887498947
-2.0,2.0000000000000004,2,2.0000000000000004,0.000154961834597273,0.6180339887498945
-1.99,1.9999999999999982,2,1.9999999999999982,0.00015496183459727284,0.6080339887498953
-1.98,2.0000000000000013,2,2.0000000000000013,0.00015496183459727308,0.5980339887498953
-1.97,1.9999999999999987,2,1.9999999999999987,0.00015496183459727287,0.5880339887498953
-1.96,1.9999999999999991,2,1.9999999999999991,0.0001549618345972729,0.5780339887498953
-1.95,2.000000000000001,2,2.000000000000001,0.00015496183459727306,0.5680339887498953
-1.94,2.0,2,2.0,0.00015496183459727297,0.5580339887498953
-1.93,2.000000000000001,2,2.000000000000001,0.00015496183459727306,0.5480339887498953
-1.92,2.0000000000000004,2,2.0000000000000004,0.000154961834597273,0.5380339887498953
-1.91,1.9999999999999998,2,1.9999999999999998,0.00015496183459727295,0.5280339887498953
-1.9,1.999999999999998,2,1.999999999999998,0.0001549618345972728,0.5180339887498953
-1.89,2.000000000000001,2,2.000000000000001,0.00015496183459727306,0.5080339887498952
-1.88,1.9999999999999996,2,1.9999999999999996,0.00015496183459727295,0.49803398874989524
-1.8699999999999999,1.9999999999999971,2,1.9999999999999971,0.00015496183459727276,0.48803398874989523
-1.8599999999999999,2.000000000000001,2,2.000000000000001,0.00015496183459727306,0.4780339887498952
-1.8499999999999999,2.0000000000000018,2,2.0000000000000018,0.0001549618345972731,0.4680339887498952
-1.8399999999999999,2.0,2,2.0,0.00015496183459727297,0.4580339887498952
-1.83,2.0000000000000004,2,2.0000000000000004,0.000154961834597273,0.4480339887498954
-1.82,1.9999999999999998,2,1.9999999999999998,0.00015496183459727295,0.4380339887498954
-1.81,1.9999999999999991,2,1.9999999999999991,0.0001549618345972729,0.4280339887498954
-1.8,2.000000000000001,2,2.000000000000001,0.00015496183459727306,0.4180339887498954
-1.79,1.9999999999999998,2,1.9999999999999998,0.00015496183459727295,0.4080339887498954
-1.78,1.999999999999998,2,1.999999999999998,0.0001549618345972728,0.3980339887498954
-1.77,2.0,2,2.0,0.00015496183459727297,0.38803398874989536
-1.76,2.0,2,2.0,0.00015496183459727297,0.37803398874989536
-1.75,1.999999999999999,2,1.999999999999999,0.0001549618345972729,0.36803398874989535
-1.7399999999999998,1.9999999999999982,2,1.9999999999999982,0.00015496183459727284,0.3580339887498951
-1.73,1.9999999999999993,2,1.9999999999999993,0.00015496183459727292,0.34803398874989533
-1.7199999999999998,2.0,2,2.0,0.00015496183459727297,0.3380339887498951
-1.71,2.000000000000001,2,2.000000000000001,0.00015496183459727306,0.3280339887498953
-1.7000000000000002,2.0,2,2.0,0.00015496183459727297,0.3180339887498955
-1.69,2.0,2,2.0,0.00015496183459727297,0.3080339887498953
-1.6800000000000002,1.9999999999999991,2,1.9999999999999991,0.0001549618345972729,0.2980339887498955
-1.67,2.0,2,2.0,0.00015496183459727297,0.2880339887498953
-1.6600000000000001,1.9999999999999982,2,1.9999999999999982,0.00015496183459727284,0.2780339887498955
-1.65,2.000000000000001,2,2.000000000000001,0.00015496183459727306,0.26803398874989526
-1.6400000000000001,2.0000000000000004,2,2.0000000000000004,0.000154961834597273,0.25803398874989547
-1.63,1.9999999999999998,2,1.9999999999999998,0.00015496183459727295,0.24803398874989524
-1.62,1.9999999999999998,2,1.9999999999999998,0.00015496183459727295,0.23803398874989545
-1.6099999999999999,2.000000000000001,2,2.000000000000001,0.00015496183459727306,0.22803398874989522
-1.6,1.9999999999999987,2,1.9999999999999987,0.00015496183459727287,0.21803398874989544
-1.5899999999999999,1.9999999999999996,2,1.9999999999999996,0.00015496183459727295,0.2080339887498952
-1.58,1.9999999999999993,2,1.9999999999999993,0.00015496183459727292,0.19803398874989542
-1.5699999999999998,2.0000000000000004,2,2.0000000000000004,0.000154961834597273,0.1880339887498952
-1.56,2.0000000000000004,2,2.0000000000000004,0.000154961834597273,0.1780339887498954
-1.5499999999999998,2.0000000000000018,2,2.0000000000000018,0.0001549618345972731,0.16803398874989517
-1.54,2.0000000000000004,2,2.0000000000000004,0.000154961834597273,0.15803398874989538
-1.5299999999999998,1.9999999999999998,2,1.9999999999999998,0.00015496183459727295,0.14803398874989515
-1.52,2.0000000000000004,2,2.0000000000000004,0.000154961834597273,0.13803398874989536
-1.5099999999999998,1.9999999999999987,2,1.9999999999999987,0.00015496183459727287,0.12803398874989513
-1.5,2.0000000000000027,2,2.0000000000000027,0.0001549618345972732,0.11803398874989535
-1.4899999999999998,2.0,2,2.0,0.00015496183459727297,0.10803398874989512
-1.48,1.9999999999999998,2,1.9999999999999998,0.00015496183459727295,0.09803398874989533
-1.4699999999999998,2.000000000000001,2,2.000000000000001,0.00015496183459727306,0.0880339887498951
-1.46,2.0,2,2.0,0.00015496183459727297,0.07803398874989531
-1.4499999999999997,1.9999999999999987,2,1.9999999999999987,0.00015496183459727287,0.06803398874989508
-1.44,2.0000000000000013,2,2.0000000000000013,0.00015496183459727308,0.05803398874989529
-1.4300000000000002,1.9999999999999991,2,1.9999999999999991,0.0001549618345972729,0.048033988749895506
-1.42,2.0000000000000004,2,2.0000000000000004,0.000154961834597273,0.038033988749895276
-1.4100000000000001,2.0,2,2.0,0.00015496183459727297,0.02803398874989549
-1.4,2.000000000000003,2,2.000000000000003,0.00015496183459727322,0.018033988749895258
-1.3900000000000001,1.9999999999999996,2,1.9999999999999996,0.00015496183459727295,0.008033988749895471
-1.38,3.000000000000003,3,3.000000000000003,0.0002324427518959097,0.00196601125010476
-1.37,3.0000000000000044,3,3.0000000000000044,0.00023244275189590981,0.011966011250104547
-1.3599999999999999,2.9999999999999996,3,2.9999999999999996,0.00023244275189590943,0.021966011250104778
-1.35,3.0000000000000027,3,3.0000000000000027,0.00023244275189590968,0.031966011250104565
-1.3399999999999999,3.000000000000002,3,3.000000000000002,0.00023244275189590962,0.041966011250104795
-1.33,3.0000000000000053,3,3.0000000000000053,0.00023244275189590987,0.05196601125010458
-1.3199999999999998,3.0000000000000036,3,3.0000000000000036,0.00023244275189590973,0.06196601125010481
-1.31,3.0000000000000044,3,3.0000000000000044,0.00023244275189590981,0.0719660112501046
-1.2999999999999998,3.0000000000000027,3,3.0000000000000027,0.00023244275189590968,0.08196601125010483
-1.29,2.9999999999999973,3,2.9999999999999973,0.00023244275189590924,0.09196601125010462
-1.2799999999999998,3.0000000000000013,3,3.0000000000000013,0.00023244275189590957,0.10196601125010485
-1.27,3.0000000000000018,3,3.0000000000000018,0.0002324427518959096,0.11196601125010464
-1.2599999999999998,2.999999999999998,3,2.999999999999998,0.0002324427518959093,0.12196601125010487
-1.25,2.9999999999999973,3,2.9999999999999973,0.00023244275189590924,0.13196601125010465
-1.2399999999999998,3.0000000000000036,3,3.0000000000000036,0.00023244275189590973,0.14196601125010488
-1.23,3.0000000000000018,3,3.0000000000000018,0.0002324427518959096,0.15196601125010467
-1.2199999999999998,3.0000000000000018,3,3.0000000000000018,0.0002324427518959096,0.1619660112501049
-1.21,3.0000000000000053,3,3.0000000000000053,0.00023244275189590987,0.1719660112501047
-1.1999999999999997,2.999999999999999,3,2.999999999999999,0.00023244275189590938,0.18196601125010492
-1.19,3.0,3,3.0,0.00023244275189590946,0.1919660112501047
-1.1800000000000002,3.0,3,3.0,0.00023244275189590946,0.2019660112501045
-1.17,2.9999999999999973,3,2.9999999999999973,0.00023244275189590924,0.21196601125010472
-1.1600000000000001,3.0000000000000027,3,3.0000000000000027,0.00023244275189590968,0.2219660112501045
-1.15,2.9999999999999973,3,2.9999999999999973,0.00023244275189590924,0.23196601125010474
-1.1400000000000001,3.0000000000000004,3,3.0000000000000004,0.0002324427518959095,0.24196601125010453
-1.13,2.9999999999999982,3,2.9999999999999982,0.00023244275189590933,0.25196601125010476
-1.12,3.0,3,3.0,0.00023244275189590946,0.26196601125010455
-1.1099999999999999,3.000000000000001,3,3.000000000000001,0.00023244275189590954,0.2719660112501048
-1.1,3.0000000000000067,3,3.0000000000000067,0.00023244275189590998,0.28196601125010456
-1.0899999999999999,2.9999999999999973,3,2.9999999999999973,0.00023244275189590924,0.2919660112501048
-1.08,3.0000000000000018,3,3.0000000000000018,0.0002324427518959096,0.3019660112501046
-1.0699999999999998,3.0000000000000004,3,3.0000000000000004,0.0002324427518959095,0.3119660112501048
-1.06,3.0000000000000004,3,3.0000000000000004,0.0002324427518959095,0.3219660112501046
-1.0499999999999998,2.9999999999999982,3,2.9999999999999982,0.00023244275189590933,0.33196601125010483
-1.04,3.0000000000000027,3,3.0000000000000027,0.00023244275189590968,0.3419660112501046
-1.0299999999999998,2.999999999999998,3,2.999999999999998,0.0002324427518959093,0.35196601125010485
-1.02,3.0000000000000036,3,3.0000000000000036,0.00023244275189590973,0.36196601125010464
-1.0099999999999998,2.9999999999999996,3,2.9999999999999996,0.00023244275189590943,0.37196601125010487
-1.0,2.9999999999999987,3,2.9999999999999987,0.00023244275189590935,0.38196601125010465
-0.9899999999999998,3.0,3,3.0,0.00023244275189590946,0.3919660112501049
-0.98,3.0000000000000027,3,3.0000000000000027,0.00023244275189590968,0.40196601125010467
-0.9699999999999998,2.999999999999998,3,2.999999999999998,0.0002324427518959093,0.4119660112501049
-0.96,2.9999999999999982,3,2.9999999999999982,0.00023244275189590933,0.4219660112501047
-0.9499999999999997,2.9999999999999964,3,2.9999999999999964,0.0002324427518959092,0.4319660112501049
-0.94,2.999999999999993,3,2.999999999999993,0.00023244275189590892,0.4419660112501047
-0.9300000000000002,2.9999999999999964,3,2.9999999999999964,0.0002324427518959092,0.4519660112501045
-0.9199999999999999,3.000000000000002,3,3.000000000000002,0.00023244275189590962,0.4619660112501047
-0.9100000000000001,3.0000000000000004,3,3.0000000000000004,0.0002324427518959095,0.4719660112501045
-0.8999999999999999,3.000000000000005,3,3.000000000000005,0.00023244275189590984,0.48196601125010474
-0.8900000000000001,3.0,3,3.0,0.00023244275189590946,0.49196601125010453
-0.8799999999999999,2.999999999999998,3,2.999999999999998,0.0002324427518959093,0.49803398874989413
-0.8700000000000001,3.0000000000000013,3,3.0000000000000013,0.00023244275189590957,0.48803398874989434
-0.8599999999999999,3.000000000000001,3,3.000000000000001,0.00023244275189590954,0.4780339887498941
-0.8500000000000001,2.999999999999999,3,2.999999999999999,0.00023244275189590938,0.4680339887498943
-0.8399999999999999,3.0000000000000036,3,3.0000000000000036,0.00023244275189590973,0.4580339887498941
-0.8300000000000001,3.000000000000003,3,3.000000000000003,0.0002324427518959097,0.4480339887498943
-0.8199999999999998,2.9999999999999987,3,2.9999999999999987,0.00023244275189590935,0.4380339887498941
-0.81,2.9999999999999996,3,2.9999999999999996,0.00023244275189590943,0.4280339887498943
-0.7999999999999998,3.0000000000000018,3,3.0000000000000018,0.0002324427518959096,0.41803398874989406
-0.79,3.0,3,3.0,0.00023244275189590946,0.40803398874989427
-0.7799999999999998,2.9999999999999982,3,2.9999999999999982,0.00023244275189590933,0.39803398874989404
-0.77,2.9999999999999982,3,2.9999999999999982,0.00023244275189590933,0.38803398874989425
-0.7599999999999998,2.9999999999999964,3,2.9999999999999964,0.0002324427518959092,0.378033988749894
-0.75,2.999999999999999,3,2.999999999999999,0.00023244275189590938,0.36803398874989424
-0.7399999999999998,3.000000000000001,3,3.000000000000001,0.00023244275189590954,0.358033988749894
-0.73,2.9999999999999973,3,2.9999999999999973,0.00023244275189590924,0.3480339887498942
-0.7199999999999998,3.000000000000001,3,3.000000000000001,0.00023244275189590954,0.338033988749894
-0.71,3.0000000000000044,3,3.0000000000000044,0.00023244275189590981,0.3280339887498942
-0.6999999999999997,3.000000000000001,3,3.000000000000001,0.00023244275189590954,0.31803398874989397
-0.69,2.9999999999999956,3,2.9999999999999956,0.0002324427518959091,0.3080339887498942
-0.6799999999999997,3.0,3,3.0,0.00023244275189590946,0.29803398874989395
-0.6699999999999999,2.9999999999999982,3,2.9999999999999982,0.00023244275189590933,0.28803398874989417
-0.6600000000000001,2.9999999999999982,3,2.9999999999999982,0.00023244275189590933,0.2780339887498944
-0.6499999999999999,2.9999999999999996,3,2.9999999999999996,0.00023244275189590943,0.26803398874989415
-0.6400000000000001,3.0000000000000018,3,3.0000000000000018,0.0002324427518959096,0.25803398874989436
-0.6299999999999999,3.0000000000000027,3,3.0000000000000027,0.00023244275189590968,0.24803398874989413
-0.6200000000000001,2.999999999999997,3,2.999999999999997,0.00023244275189590922,0.23803398874989434
-0.6099999999999999,2.9999999999999956,3,2.9999999999999956,0.0002324427518959091,0.2280339887498941
-0.6000000000000001,3.0000000000000013,3,3.0000000000000013,0.00023244275189590957,0.21803398874989433
-0.5899999999999999,2.999999999999999,3,2.999999999999999,0.00023244275189590938,0.2080339887498941
-0.5800000000000001,3.0000000000000018,3,3.0000000000000018,0.0002324427518959096,0.1980339887498943
-0.5699999999999998,2.9999999999999973,3,2.9999999999999973,0.00023244275189590924,0.18803398874989408
-0.56,3.0000000000000027,3,3.0000000000000027,0.00023244275189590968,0.1780339887498943
-0.5499999999999998,3.0,3,3.0,0.00023244275189590946,0.16803398874989406
-0.54,3.000000000000001,3,3.000000000000001,0.00023244275189590954,0.15803398874989427
-0.5299999999999998,2.999999999999999,3,2.999999999999999,0.00023244275189590938,0.14803398874989404
-0.52,2.9999999999999996,3,2.9999999999999996,0.00023244275189590943,0.13803398874989425
-0.5099999999999998,2.9999999999999964,3,2.9999999999999964,0.0002324427518959092,0.12803398874989402
-0.5,2.999999999999997,3,2.999999999999997,0.00023244275189590922,0.11803398874989424
-0.48999999999999977,3.0000000000000018,3,3.0000000000000018,0.0002324427518959096,0.108033988749894
-0.48,3.0000000000000036,3,3.0000000000000036,0.00023244275189590973,0.09803398874989422
-0.46999999999999975,3.0000000000000004,3,3.0000000000000004,0.0002324427518959095,0.08803398874989399
-0.45999999999999996,3.0,3,3.0,0.00023244275189590946,0.0780339887498942
-0.44999999999999973,2.9999999999999982,3,2.9999999999999982,0.00023244275189590933,0.06803398874989397
-0.43999999999999995,3.000000000000001,3,3.000000000000001,0.00023244275189590954,0.05803398874989418
-0.4299999999999997,3.0000000000000018,3,3.0000000000000018,0.0002324427518959096,0.04803398874989395
-0.41999999999999993,2.9999999999999973,3,2.9999999999999973,0.00023244275189590924,0.038033988749894165
-0.41000000000000014,3.0,3,3.0,0.00023244275189590946,0.02803398874989438
-0.3999999999999999,2.9999999999999964,3,2.9999999999999964,0.0002324427518959092,0.018033988749894148
-0.3900000000000001,3.0000000000000004,3,3.0000000000000004,0.0002324427518959095,0.00803398874989436
-0.3799999999999999,3.9999999999999947,4,3.9999999999999947,0.0003099236691945455,0.00196601125010587
-0.3700000000000001,3.999999999999999,4,3.999999999999999,0.0003099236691945459,0.011966011250105657
-0.3599999999999999,3.999999999999999,4,3.999999999999999,0.0003099236691945459,0.021966011250105888
-0.3500000000000001,4.000000000000003,4,4.000000000000003,0.00030992366919454617,0.031966011250105675
-0.33999999999999986,4.000000000000002,4,4.000000000000002,0.0003099236691945461,0.041966011250105906
-0.33000000000000007,3.9999999999999996,4,3.9999999999999996,0.0003099236691945459,0.05196601125010569
-0.31999999999999984,4.000000000000001,4,4.000000000000001,0.000309923669194546,0.061966011250105923
-0.31000000000000005,3.9999999999999982,4,3.9999999999999982,0.0003099236691945458,0.07196601125010571
-0.2999999999999998,4.0000000000000036,4,4.0000000000000036,0.0003099236691945462,0.08196601125010594
-0.29000000000000004,4.000000000000002,4,4.000000000000002,0.0003099236691945461,0.09196601125010573
-0.2799999999999998,3.9999999999999982,4,3.9999999999999982,0.0003099236691945458,0.10196601125010596
-0.27,4.0,4,4.0,0.00030992366919454595,0.11196601125010575
-0.2599999999999998,4.000000000000002,4,4.000000000000002,0.0003099236691945461,0.12196601125010598
-0.25,4.000000000000002,4,4.000000000000002,0.0003099236691945461,0.13196601125010576
-0.23999999999999977,4.0,4,4.0,0.00030992366919454595,0.141966011250106
-0.22999999999999998,3.999999999999999,4,3.999999999999999,0.0003099236691945459,0.15196601125010578
-0.21999999999999975,3.9999999999999973,4,3.9999999999999973,0.00030992366919454573,0.161966011250106
-0.20999999999999996,4.000000000000001,4,4.000000000000001,0.000309923669194546,0.1719660112501058
-0.19999999999999973,4.000000000000003,4,4.000000000000003,0.00030992366919454617,0.18196601125010603
-0.18999999999999995,4.000000000000002,4,4.000000000000002,0.0003099236691945461,0.19196601125010582
-0.17999999999999972,3.9999999999999982,4,3.9999999999999982,0.0003099236691945458,0.20196601125010605
-0.16999999999999993,3.999999999999999,4,3.999999999999999,0.0003099236691945459,0.21196601125010583
-0.16000000000000014,4.000000000000001,4,4.000000000000001,0.000309923669194546,0.22196601125010562
-0.1499999999999999,3.9999999999999982,4,3.9999999999999982,0.0003099236691945458,0.23196601125010585
-0.14000000000000012,4.0,4,4.0,0.00030992366919454595,0.24196601125010564
-0.1299999999999999,4.0,4,4.0,0.00030992366919454595,0.25196601125010587
-0.1200000000000001,3.9999999999999987,4,3.9999999999999987,0.00030992366919454584,0.26196601125010566
-0.10999999999999988,4.000000000000001,4,4.000000000000001,0.000309923669194546,0.2719660112501059
-0.10000000000000009,3.9999999999999973,4,3.9999999999999973,0.00030992366919454573,0.2819660112501057
-0.08999999999999986,3.999999999999999,4,3.999999999999999,0.0003099236691945459,0.2919660112501059
-0.08000000000000007,4.0,4,4.0,0.00030992366919454595,0.3019660112501057
-0.06999999999999984,3.9999999999999982,4,3.9999999999999982,0.0003099236691945458,0.3119660112501059
-0.06000000000000005,4.000000000000002,4,4.000000000000002,0.0003099236691945461,0.3219660112501057
-0.04999999999999982,4.000000000000002,4,4.000000000000002,0.0003099236691945461,0.33196601125010594
-0.040000000000000036,3.999999999999999,4,3.999999999999999,0.0003099236691945459,0.34196601125010573
-0.029999999999999805,4.000000000000002,4,4.000000000000002,0.0003099236691945461,0.35196601125010596
-0.020000000000000018,3.999999999999998,4,3.999999999999998,0.0003099236691945458,0.36196601125010575
-0.009999999999999787,4.000000000000003,4,4.000000000000003,0.00030992366919454617,0.371966011250106
0.0,3.9999999999999996,4,3.9999999999999996,0.0003099236691945459,0.3819660112501053
0.010000000000000231,4.000000000000002,4,4.000000000000002,0.0003099236691945461,0.3719660112501051
0.020000000000000018,3.9999999999999982,4,3.9999999999999982,0.0003099236691945458,0.3619660112501053
0.03000000000000025,4.000000000000002,4,4.000000000000002,0.0003099236691945461,0.35196601125010507
0.040000000000000036,4.0,4,4.0,0.00030992366919454595,0.3419660112501053
0.050000000000000266,4.000000000000002,4,4.000000000000002,0.0003099236691945461,0.33196601125010505
0.06000000000000005,4.0,4,4.0,0.00030992366919454595,0.32196601125010527
0.07000000000000028,3.999999999999999,4,3.999999999999999,0.0003099236691945459,0.31196601125010504
0.08000000000000007,4.000000000000002,4,4.000000000000002,0.0003099236691945461,0.30196601125010525
0.08999999999999986,3.9999999999999973,4,3.9999999999999973,0.00030992366919454573,0.29196601125010546
0.10000000000000009,4.000000000000003,4,4.000000000000003,0.00030992366919454617,0.28196601125010523
0.10999999999999988,3.999999999999999,4,3.999999999999999,0.0003099236691945459,0.27196601125010544
0.1200000000000001,4.000000000000002,4,4.000000000000002,0.0003099236691945461,0.2619660112501052
0.1299999999999999,4.000000000000002,4,4.000000000000002,0.0003099236691945461,0.2519660112501054
0.14000000000000012,3.999999999999998,4,3.999999999999998,0.0003099236691945458,0.2419660112501052
0.1499999999999999,3.999999999999999,4,3.999999999999999,0.0003099236691945459,0.2319660112501054
0.16000000000000014,3.9999999999999973,4,3.9999999999999973,0.00030992366919454573,0.22196601125010518
0.16999999999999993,3.999999999999999,4,3.999999999999999,0.0003099236691945459,0.2119660112501054
0.18000000000000016,3.9999999999999973,4,3.9999999999999973,0.00030992366919454573,0.20196601125010516
0.18999999999999995,4.0,4,4.0,0.00030992366919454595,0.19196601125010537
0.20000000000000018,3.999999999999999,4,3.999999999999999,0.0003099236691945459,0.18196601125010514
0.20999999999999996,4.000000000000003,4,4.000000000000003,0.00030992366919454617,0.17196601125010536
0.2200000000000002,3.9999999999999996,4,3.9999999999999996,0.0003099236691945459,0.16196601125010512
0.22999999999999998,4.000000000000001,4,4.000000000000001,0.000309923669194546,0.15196601125010534
0.2400000000000002,4.000000000000001,4,4.000000000000001,0.000309923669194546,0.1419660112501051
0.25,4.000000000000003,4,4.000000000000003,0.00030992366919454617,0.13196601125010532
0.2599999999999998,3.9999999999999996,4,3.9999999999999996,0.0003099236691945459,0.12196601125010553
0.27000000000000046,4.000000000000002,4,4.000000000000002,0.0003099236691945461,0.11196601125010486
0.28000000000000025,3.999999999999999,4,3.999999999999999,0.0003099236691945459,0.10196601125010507
0.29000000000000004,4.0000000000000036,4,4.0000000000000036,0.0003099236691945462,0.09196601125010528
0.2999999999999998,3.9999999999999987,4,3.9999999999999987,0.00030992366919454584,0.0819660112501055
0.3100000000000005,3.9999999999999982,4,3.9999999999999982,0.0003099236691945458,0.07196601125010482
0.3200000000000003,3.999999999999996,4,3.999999999999996,0.0003099236691945456,0.061966011250105035
0.33000000000000007,3.999999999999999,4,3.999999999999999,0.0003099236691945459,0.05196601125010525
0.33999999999999986,3.9999999999999996,4,3.9999999999999996,0.0003099236691945459,0.04196601125010546
0.34999999999999964,3.9999999999999987,4,3.9999999999999987,0.00030992366919454584,0.031966011250105675
0.3600000000000003,4.000000000000005,4,4.000000000000005,0.0003099236691945464,0.021966011250105
0.3700000000000001,4.0,4,4.0,0.00030992366919454595,0.011966011250105213
0.3799999999999999,4.000000000000005,4,4.000000000000005,0.0003099236691945464,0.001966011250105426
0.3899999999999997,2.9999999999999956,3,2.9999999999999956,0.0002324427518959091,0.00803398874989436
0.40000000000000036,3.0,3,3.0,0.00023244275189590946,0.018033988749895036
0.41000000000000014,3.0000000000000004,3,3.0000000000000004,0.0002324427518959095,0.028033988749894823
0.41999999999999993,2.9999999999999982,3,2.9999999999999982,0.00023244275189590933,0.03803398874989461
0.4299999999999997,3.000000000000003,3,3.000000000000003,0.0002324427518959097,0.048033988749894396
0.4400000000000004,3.0000000000000027,3,3.0000000000000027,0.00023244275189590968,0.05803398874989507
0.4500000000000002,2.999999999999998,3,2.999999999999998,0.0002324427518959093,0.06803398874989486
0.45999999999999996,2.999999999999999,3,2.999999999999999,0.00023244275189590938,0.07803398874989464
0.46999999999999975,3.000000000000001,3,3.000000000000001,0.00023244275189590954,0.08803398874989443
0.4800000000000004,3.0000000000000036,3,3.0000000000000036,0.00023244275189590973,0.0980339887498951
0.4900000000000002,3.0,3,3.0,0.00023244275189590946,0.1080339887498949
0.5,3.0,3,3.0,0.00023244275189590946,0.11803398874989468
0.5099999999999998,3.0000000000000004,3,3.0000000000000004,0.0002324427518959095,0.12803398874989447
0.5200000000000005,2.999999999999999,3,2.999999999999999,0.00023244275189590938,0.13803398874989514
0.5300000000000002,2.9999999999999996,3,2.9999999999999996,0.00023244275189590943,0.14803398874989493
0.54,3.000000000000001,3,3.000000000000001,0.00023244275189590954,0.15803398874989472
0.5499999999999998,3.0000000000000027,3,3.0000000000000027,0.00023244275189590968,0.1680339887498945
0.5600000000000005,3.0000000000000013,3,3.0000000000000013,0.00023244275189590957,0.17803398874989518
0.5700000000000003,3.0000000000000004,3,3.0000000000000004,0.0002324427518959095,0.18803398874989496
0.5800000000000001,3.0000000000000027,3,3.0000000000000027,0.00023244275189590968,0.19803398874989475
0.5899999999999999,3.0000000000000027,3,3.0000000000000027,0.00023244275189590968,0.20803398874989454
0.6000000000000005,3.000000000000001,3,3.000000000000001,0.00023244275189590954,0.2180339887498952
0.6100000000000003,2.9999999999999964,3,2.9999999999999964,0.0002324427518959092,0.228033988749895
0.6200000000000001,3.0000000000000018,3,3.0000000000000018,0.0002324427518959096,0.2380339887498948
0.6299999999999999,3.0,3,3.0,0.00023244275189590946,0.24803398874989457
0.6399999999999997,2.999999999999999,3,2.999999999999999,0.00023244275189590938,0.25803398874989436
0.6500000000000004,2.9999999999999964,3,2.9999999999999964,0.0002324427518959092,0.26803398874989504
0.6600000000000001,3.000000000000001,3,3.000000000000001,0.00023244275189590954,0.2780339887498948
0.6699999999999999,3.0000000000000036,3,3.0000000000000036,0.00023244275189590973,0.2880339887498946
0.6799999999999997,3.0000000000000013,3,3.0000000000000013,0.00023244275189590957,0.2980339887498944
0.6900000000000004,3.0000000000000004,3,3.0000000000000004,0.0002324427518959095,0.30803398874989507
0.7000000000000002,2.9999999999999996,3,2.9999999999999996,0.00023244275189590943,0.31803398874989486
0.71,2.999999999999998,3,2.999999999999998,0.0002324427518959093,0.32803398874989464
0.7199999999999998,3.0000000000000004,3,3.0000000000000004,0.0002324427518959095,0.33803398874989443
0.7300000000000004,2.9999999999999982,3,2.9999999999999982,0.00023244275189590933,0.3480339887498951
0.7400000000000002,3.0000000000000018,3,3.0000000000000018,0.0002324427518959096,0.3580339887498949
0.75,2.999999999999999,3,2.999999999999999,0.00023244275189590938,0.3680339887498947
0.7599999999999998,3.000000000000003,3,3.000000000000003,0.0002324427518959097,0.37803398874989447
0.7700000000000005,3.0,3,3.0,0.00023244275189590946,0.38803398874989514
0.7800000000000002,3.0000000000000013,3,3.0000000000000013,0.00023244275189590957,0.39803398874989493
0.79,3.0000000000000018,3,3.0000000000000018,0.0002324427518959096,0.4080339887498947
0.7999999999999998,3.000000000000006,3,3.000000000000006,0.00023244275189590995,0.4180339887498945
0.8100000000000005,2.9999999999999982,3,2.9999999999999982,0.00023244275189590933,0.4280339887498952
0.8200000000000003,3.0,3,3.0,0.00023244275189590946,0.43803398874989496
0.8300000000000001,3.0,3,3.0,0.00023244275189590946,0.44803398874989475
0.8399999999999999,3.0000000000000018,3,3.0000000000000018,0.0002324427518959096,0.45803398874989454
0.8500000000000005,3.000000000000001,3,3.000000000000001,0.00023244275189590954,0.4680339887498952
0.8600000000000003,3.000000000000003,3,3.000000000000003,0.0002324427518959097,0.478033988749895
0.8700000000000001,2.9999999999999947,3,2.9999999999999947,0.00023244275189590905,0.4880339887498948
0.8799999999999999,2.9999999999999982,3,2.9999999999999982,0.00023244275189590933,0.4980339887498946
0.8899999999999997,2.9999999999999964,3,2.9999999999999964,0.0002324427518959092,0.49196601125010586
0.9000000000000004,3.0000000000000018,3,3.0000000000000018,0.0002324427518959096,0.4819660112501052
0.9100000000000001,3.0,3,3.0,0.00023244275189590946,0.4719660112501054
0.9199999999999999,2.999999999999999,3,2.999999999999999,0.00023244275189590938,0.4619660112501056
0.9299999999999997,2.9999999999999964,3,2.9999999999999964,0.0002324427518959092,0.4519660112501058
0.9400000000000004,2.999999999999998,3,2.999999999999998,0.0002324427518959093,0.44196601125010515
0.9500000000000002,2.999999999999995,3,2.999999999999995,0.00023244275189590908,0.43196601125010536
0.96,2.999999999999999,3,2.999999999999999,0.00023244275189590938,0.4219660112501056
0.9699999999999998,2.999999999999998,3,2.999999999999998,0.0002324427518959093,0.4119660112501058
0.9800000000000004,2.9999999999999973,3,2.9999999999999973,0.00023244275189590924,0.4019660112501051
0.9900000000000002,2.9999999999999964,3,2.9999999999999964,0.0002324427518959092,0.39196601125010533
1.0,2.9999999999999973,3,2.9999999999999973,0.00023244275189590924,0.38196601125010554
1.0099999999999998,2.9999999999999956,3,2.9999999999999956,0.0002324427518959091,0.37196601125010575
1.0200000000000005,3.0,3,3.0,0.00023244275189590946,0.3619660112501051
1.0300000000000002,3.000000000000003,3,3.000000000000003,0.0002324427518959097,0.3519660112501053
1.04,3.0000000000000027,3,3.0000000000000027,0.00023244275189590968,0.3419660112501055
1.0499999999999998,2.999999999999999,3,2.999999999999999,0.00023244275189590938,0.3319660112501057
1.0600000000000005,3.0000000000000018,3,3.0000000000000018,0.0002324427518959096,0.32196601125010504
1.0700000000000003,3.000000000000001,3,3.000000000000001,0.00023244275189590954,0.31196601125010526
1.08,3.0000000000000027,3,3.0000000000000027,0.00023244275189590968,0.30196601125010547
1.0899999999999999,3.000000000000001,3,3.000000000000001,0.00023244275189590954,0.2919660112501057
1.1000000000000005,3.0000000000000027,3,3.0000000000000027,0.00023244275189590968,0.281966011250105
1.1100000000000003,2.999999999999999,3,2.999999999999999,0.00023244275189590938,0.2719660112501052
1.12,2.9999999999999982,3,2.9999999999999982,0.00023244275189590933,0.26196601125010543
1.13,2.9999999999999982,3,2.9999999999999982,0.00023244275189590933,0.25196601125010565
1.1399999999999997,2.999999999999999,3,2.999999999999999,0.00023244275189590938,0.24196601125010586
1.1500000000000004,2.9999999999999942,3,2.9999999999999942,0.000232442751895909,0.2319660112501052
1.1600000000000001,2.999999999999999,3,2.999999999999999,0.00023244275189590938,0.2219660112501054
1.17,2.9999999999999973,3,2.9999999999999973,0.00023244275189590924,0.2119660112501056
1.1799999999999997,3.000000000000001,3,3.000000000000001,0.00023244275189590954,0.20196601125010583
1.1900000000000004,3.0000000000000004,3,3.0000000000000004,0.0002324427518959095,0.19196601125010515
1.2000000000000002,2.999999999999999,3,2.999999999999999,0.00023244275189590938,0.18196601125010536
1.21,3.0000000000000018,3,3.0000000000000018,0.0002324427518959096,0.17196601125010558
1.2199999999999998,2.9999999999999964,3,2.9999999999999964,0.0002324427518959092,0.1619660112501058
1.2300000000000004,2.9999999999999987,3,2.9999999999999987,0.00023244275189590935,0.15196601125010512
1.2400000000000002,2.9999999999999987,3,2.9999999999999987,0.00023244275189590935,0.14196601125010533
1.25,2.9999999999999947,3,2.9999999999999947,0.00023244275189590905,0.13196601125010554
1.2599999999999998,3.0000000000000018,3,3.0000000000000018,0.0002324427518959096,0.12196601125010575
1.2700000000000005,3.0000000000000058,3,3.0000000000000058,0.00023244275189590992,0.11196601125010508
1.2800000000000002,3.0000000000000004,3,3.0000000000000004,0.0002324427518959095,0.10196601125010529
1.29,2.999999999999998,3,2.999999999999998,0.0002324427518959093,0.0919660112501055
1.2999999999999998,3.0000000000000018,3,3.0000000000000018,0.0002324427518959096,0.08196601125010572
1.3100000000000005,3.0000000000000018,3,3.0000000000000018,0.0002324427518959096,0.07196601125010504
1.3200000000000003,2.9999999999999982,3,2.9999999999999982,0.00023244275189590933,0.06196601125010526
1.33,3.0000000000000004,3,3.0000000000000004,0.0002324427518959095,0.05196601125010547
1.3399999999999999,3.0000000000000018,3,3.0000000000000018,0.0002324427518959096,0.041966011250105684
1.3500000000000005,3.000000000000003,3,3.000000000000003,0.0002324427518959097,0.03196601125010501
1.3600000000000003,3.000000000000002,3,3.000000000000002,0.00023244275189590962,0.021966011250105222
1.37,3.000000000000006,3,3.000000000000006,0.00023244275189590995,0.011966011250105435
1.38,2.9999999999999782,3,2.9999999999999782,0.00023244275189590778,0.001966011250105648
1.3899999999999997,2.000000000000001,2,2.000000000000001,0.00015496183459727306,0.008033988749894139
1.4000000000000004,2.000000000000004,2,2.000000000000004,0.00015496183459727327,0.018033988749894814
1.4100000000000001,1.9999999999999978,2,1.9999999999999978,0.0001549618345972728,0.0280339887498946
1.42,1.9999999999999991,2,1.9999999999999991,0.0001549618345972729,0.03803398874989439
1.4299999999999997,2.0,2,2.0,0.00015496183459727297,0.048033988749894174
1.4400000000000004,2.0000000000000018,2,2.0000000000000018,0.0001549618345972731,0.05803398874989485
1.4500000000000002,1.9999999999999991,2,1.9999999999999991,0.0001549618345972729,0.06803398874989464
1.46,1.9999999999999991,2,1.9999999999999991,0.0001549618345972729,0.07803398874989442
1.4699999999999998,1.999999999999997,2,1.999999999999997,0.00015496183459727273,0.08803398874989421
1.4800000000000004,2.000000000000001,2,2.000000000000001,0.00015496183459727306,0.09803398874989488
1.4900000000000002,2.0000000000000004,2,2.0000000000000004,0.000154961834597273,0.10803398874989467
1.5,2.0000000000000027,2,2.0000000000000027,0.0001549618345972732,0.11803398874989446
1.5099999999999998,1.9999999999999996,2,1.9999999999999996,0.00015496183459727295,0.12803398874989425
1.5200000000000005,2.0,2,2.0,0.00015496183459727297,0.13803398874989492
1.5300000000000002,2.0000000000000018,2,2.0000000000000018,0.0001549618345972731,0.1480339887498947
1.54,2.0,2,2.0,0.00015496183459727297,0.1580339887498945
1.5499999999999998,1.9999999999999998,2,1.9999999999999998,0.00015496183459727295,0.16803398874989428
1.5600000000000005,2.0,2,2.0,0.00015496183459727297,0.17803398874989496
1.5700000000000003,2.000000000000001,2,2.000000000000001,0.00015496183459727306,0.18803398874989474
1.58,1.999999999999999,2,1.999999999999999,0.0001549618345972729,0.19803398874989453
1.5899999999999999,2.000000000000001,2,2.000000000000001,0.00015496183459727306,0.20803398874989432
1.6000000000000005,2.0000000000000004,2,2.0000000000000004,0.000154961834597273,0.218033988749895
1.6100000000000003,1.9999999999999998,2,1.9999999999999998,0.00015496183459727295,0.22803398874989478
1.62,1.9999999999999998,2,1.9999999999999998,0.00015496183459727295,0.23803398874989457
1.63,1.9999999999999998,2,1.9999999999999998,0.00015496183459727295,0.24803398874989435
1.6399999999999997,1.9999999999999993,2,1.9999999999999993,0.00015496183459727292,0.25803398874989414
1.6500000000000004,2.000000000000001,2,2.000000000000001,0.00015496183459727306,0.2680339887498948
1.6600000000000001,1.9999999999999998,2,1.9999999999999998,0.00015496183459727295,0.2780339887498946
1.67,2.000000000000001,2,2.000000000000001,0.00015496183459727306,0.2880339887498944
1.6799999999999997,1.9999999999999978,2,1.9999999999999978,0.0001549618345972728,0.2980339887498942
1.6900000000000004,1.9999999999999996,2,1.9999999999999996,0.00015496183459727295,0.30803398874989485
1.7000000000000002,1.9999999999999987,2,1.9999999999999987,0.00015496183459727287,0.31803398874989464
1.71,1.9999999999999991,2,1.9999999999999991,0.0001549618345972729,0.3280339887498944
1.7199999999999998,1.999999999999998,2,1.999999999999998,0.0001549618345972728,0.3380339887498942
1.7300000000000004,2.000000000000001,2,2.000000000000001,0.00015496183459727306,0.3480339887498949
1.7400000000000002,1.9999999999999964,2,1.9999999999999964,0.0001549618345972727,0.35803398874989467
1.75,1.9999999999999984,2,1.9999999999999984,0.00015496183459727287,0.36803398874989446
1.7599999999999998,1.9999999999999978,2,1.9999999999999978,0.0001549618345972728,0.37803398874989425
1.7700000000000005,1.9999999999999993,2,1.9999999999999993,0.00015496183459727292,0.3880339887498949
1.7800000000000002,2.0000000000000018,2,2.0000000000000018,0.0001549618345972731,0.3980339887498947
1.79,1.9999999999999976,2,1.9999999999999976,0.00015496183459727278,0.4080339887498945
1.7999999999999998,2.000000000000001,2,2.000000000000001,0.00015496183459727306,0.4180339887498943
1.8100000000000005,1.9999999999999987,2,1.9999999999999987,0.00015496183459727287,0.42803398874989496
1.8200000000000003,1.9999999999999996,2,1.9999999999999996,0.00015496183459727295,0.43803398874989474
1.83,1.9999999999999991,2,1.9999999999999991,0.0001549618345972729,0.44803398874989453
1.8399999999999999,1.9999999999999996,2,1.9999999999999996,0.00015496183459727295,0.4580339887498943
1.8500000000000005,1.9999999999999996,2,1.9999999999999996,0.00015496183459727295,0.468033988749895
1.8600000000000003,2.0000000000000013,2,2.0000000000000013,0.00015496183459727308,0.4780339887498948
1.87,1.9999999999999987,2,1.9999999999999987,0.00015496183459727287,0.48803398874989457
1.88,2.0000000000000013,2,2.0000000000000013,0.00015496183459727308,0.49803398874989435
1.8899999999999997,2.0,2,2.0,0.00015496183459727297,0.5080339887498941
1.9000000000000004,1.9999999999999987,2,1.9999999999999987,0.00015496183459727287,0.5180339887498948
1.9100000000000001,2.0000000000000013,2,2.0000000000000013,0.00015496183459727308,0.5280339887498946
1.92,2.0,2,2.0,0.00015496183459727297,0.5380339887498944
1.9299999999999997,2.0,2,2.0,0.00015496183459727297,0.5480339887498942
1.9400000000000004,2.0,2,2.0,0.00015496183459727297,0.5580339887498948
1.9500000000000002,2.0000000000000013,2,2.0000000000000013,0.00015496183459727308,0.5680339887498946
1.96,1.9999999999999996,2,1.9999999999999996,0.00015496183459727295,0.5780339887498944
1.9699999999999998,1.9999999999999996,2,1.9999999999999996,0.00015496183459727295,0.5880339887498942
1.9800000000000004,2.000000000000001,2,2.000000000000001,0.00015496183459727306,0.5980339887498949
1.9900000000000002,1.9999999999999984,2,1.9999999999999984,0.00015496183459727287,0.6080339887498947
2.0,1.9999999999999996,2,1.9999999999999996,0.00015496183459727295,0.6180339887498945
2.01,1.9999999999999973,2,1.9999999999999973,0.00015496183459727276,0.6080339887498956
2.0200000000000005,2.0000000000000004,2,2.0000000000000004,0.000154961834597273,0.5980339887498949
2.0300000000000002,2.0,2,2.0,0.00015496183459727297,0.5880339887498951
2.04,1.9999999999999973,2,1.9999999999999973,0.00015496183459727276,0.5780339887498953
2.05,2.000000000000001,2,2.000000000000001,0.00015496183459727306,0.5680339887498955
2.0600000000000005,1.9999999999999991,2,1.9999999999999991,0.0001549618345972729,0.5580339887498948
2.0700000000000003,2.0000000000000018,2,2.0000000000000018,0.0001549618345972731,0.5480339887498951
2.08,2.000000000000001,2,2.000000000000001,0.00015496183459727306,0.5380339887498953
2.09,2.0,2,2.0,0.00015496183459727297,0.5280339887498955
2.1000000000000005,2.000000000000003,2,2.000000000000003,0.00015496183459727322,0.5180339887498948
2.1100000000000003,2.000000000000001,2,2.000000000000001,0.00015496183459727306,0.508033988749895
2.12,1.9999999999999991,2,1.9999999999999991,0.0001549618345972729,0.49803398874989524
2.13,2.0000000000000027,2,2.0000000000000027,0.0001549618345972732,0.48803398874989545
2.1399999999999997,1.9999999999999996,2,1.9999999999999996,0.00015496183459727295,0.47803398874989567
2.1500000000000004,2.0000000000000027,2,2.0000000000000027,0.0001549618345972732,0.468033988749895
2.16,1.9999999999999998,2,1.9999999999999998,0.00015496183459727295,0.4580339887498952
2.17,2.000000000000001,2,2.000000000000001,0.00015496183459727306,0.4480339887498954
2.1799999999999997,2.0000000000000004,2,2.0000000000000004,0.000154961834597273,0.43803398874989563
2.1900000000000004,2.0,2,2.0,0.00015496183459727297,0.42803398874989496
2.2,1.9999999999999984,2,1.9999999999999984,0.00015496183459727287,0.41803398874989517
2.21,2.0000000000000027,2,2.0000000000000027,0.0001549618345972732,0.4080339887498954
2.2199999999999998,2.0000000000000004,2,2.0000000000000004,0.000154961834597273,0.3980339887498956
2.2300000000000004,2.000000000000001,2,2.000000000000001,0.00015496183459727306,0.3880339887498949
2.24,1.9999999999999991,2,1.9999999999999991,0.0001549618345972729,0.37803398874989513
2.25,1.9999999999999993,2,1.9999999999999993,0.00015496183459727292,0.36803398874989535
2.26,1.9999999999999993,2,1.9999999999999993,0.00015496183459727292,0.35803398874989556
2.2700000000000005,2.0,2,2.0,0.00015496183459727297,0.3480339887498949
2.2800000000000002,1.9999999999999982,2,1.9999999999999982,0.00015496183459727284,0.3380339887498951
2.29,2.000000000000001,2,2.000000000000001,0.00015496183459727306,0.3280339887498953
2.3,2.0,2,2.0,0.00015496183459727297,0.3180339887498955
2.3100000000000005,2.0000000000000027,2,2.0000000000000027,0.0001549618345972732,0.30803398874989485
2.3200000000000003,2.000000000000001,2,2.000000000000001,0.00015496183459727306,0.29803398874989506
2.33,2.0000000000000027,2,2.0000000000000027,0.0001549618345972732,0.2880339887498953
2.34,1.9999999999999993,2,1.9999999999999993,0.00015496183459727292,0.2780339887498955
2.3500000000000005,2.0000000000000018,2,2.0000000000000018,0.0001549618345972731,0.2680339887498948
2.3600000000000003,2.0000000000000004,2,2.0000000000000004,0.000154961834597273,0.258033988749895
2.37,2.0,2,2.0,0.00015496183459727297,0.24803398874989524
2.38,2.0,2,2.0,0.00015496183459727297,0.23803398874989545
2.3900000000000006,1.999999999999999,2,1.999999999999999,0.0001549618345972729,0.22803398874989478
2.4000000000000004,2.000000000000001,2,2.000000000000001,0.00015496183459727306,0.218033988749895
2.41,2.0000000000000013,2,2.0000000000000013,0.00015496183459727308,0.2080339887498952
2.42,2.000000000000001,2,2.000000000000001,0.00015496183459727306,0.19803398874989542
2.4299999999999997,1.9999999999999987,2,1.9999999999999987,0.00015496183459727287,0.18803398874989563
2.4400000000000004,2.0000000000000013,2,2.0000000000000013,0.00015496183459727308,0.17803398874989496
2.45,1.999999999999999,2,1.999999999999999,0.0001549618345972729,0.16803398874989517
2.46,1.9999999999999996,2,1.9999999999999996,0.00015496183459727295,0.15803398874989538
2.4699999999999998,2.0000000000000036,2,2.0000000000000036,0.00015496183459727325,0.1480339887498956
2.4800000000000004,1.9999999999999967,2,1.9999999999999967,0.0001549618345972727,0.13803398874989492
2.49,2.000000000000001,2,2.000000000000001,0.00015496183459727306,0.12803398874989513
2.5,1.9999999999999987,2,1.9999999999999987,0.00015496183459727287,0.11803398874989535
2.51,1.9999999999999993,2,1.9999999999999993,0.00015496183459727292,0.10803398874989556
2.5200000000000005,2.0000000000000018,2,2.0000000000000018,0.0001549618345972731,0.09803398874989488
2.5300000000000002,2.0000000000000018,2,2.0000000000000018,0.0001549618345972731,0.0880339887498951
2.54,2.0,2,2.0,0.00015496183459727297,0.07803398874989531
2.55,1.9999999999999991,2,1.9999999999999991,0.0001549618345972729,0.06803398874989552
2.5600000000000005,2.000000000000003,2,2.000000000000003,0.00015496183459727322,0.05803398874989485
2.5700000000000003,1.999999999999997,2,1.999999999999997,0.00015496183459727273,0.04803398874989506
2.58,1.9999999999999991,2,1.9999999999999991,0.0001549618345972729,0.038033988749895276
2.59,1.999999999999997,2,1.999999999999997,0.00015496183459727273,0.02803398874989549
2.6000000000000005,2.0000000000000036,2,2.0000000000000036,0.00015496183459727325,0.018033988749894814
2.6100000000000003,1.9999999999999956,2,1.9999999999999956,0.00015496183459727262,0.008033988749895027
2.62,0.9999999999999999,1,0.9999999999999999,7.748091729863647e-05,0.00196601125010476
2.63,0.9999999999999997,1,0.9999999999999997,7.748091729863646e-05,0.011966011250104547
2.6400000000000006,1.0000000000000004,1,1.0000000000000004,7.748091729863653e-05,0.021966011250105222
2.6500000000000004,0.9999999999999996,1,0.9999999999999996,7.748091729863645e-05,0.03196601125010501
2.66,1.0000000000000007,1,1.0000000000000007,7.748091729863654e-05,0.041966011250104795
2.67,0.9999999999999994,1,0.9999999999999994,7.748091729863645e-05,0.05196601125010458
2.6799999999999997,0.9999999999999989,1,0.9999999999999989,7.74809172986364e-05,0.06196601125010437
2.6900000000000004,1.0000000000000004,1,1.0000000000000004,7.748091729863653e-05,0.07196601125010504
2.7,1.0000000000000002,1,1.0000000000000002,7.74809172986365e-05,0.08196601125010483
2.71,0.9999999999999993,1,0.9999999999999993,7.748091729863643e-05,0.09196601125010462
2.7199999999999998,1.0,1,1.0,7.748091729863649e-05,0.1019660112501044
2.7300000000000004,1.0000000000000009,1,1.0000000000000009,7.748091729863655e-05,0.11196601125010508
2.74,1.0000000000000002,1,1.0000000000000002,7.74809172986365e-05,0.12196601125010487
2.75,1.0,1,1.0,7.748091729863649e-05,0.13196601125010465
2.76,0.9999999999999993,1,0.9999999999999993,7.748091729863643e-05,0.14196601125010444
2.7700000000000005,1.0,1,1.0,7.748091729863649e-05,0.15196601125010512
2.7800000000000002,1.0000000000000009,1,1.0000000000000009,7.748091729863655e-05,0.1619660112501049
2.79,1.0000000000000013,1,1.0000000000000013,7.74809172986366e-05,0.1719660112501047
2.8,1.0000000000000004,1,1.0000000000000004,7.748091729863653e-05,0.18196601125010448
2.8100000000000005,1.0000000000000004,1,1.0000000000000004,7.748091729863653e-05,0.19196601125010515
2.8200000000000003,1.0000000000000013,1,1.0000000000000013,7.74809172986366e-05,0.20196601125010494
2.83,1.0000000000000002,1,1.0000000000000002,7.74809172986365e-05,0.21196601125010472
2.84,0.9999999999999998,1,0.9999999999999998,7.748091729863647e-05,0.2219660112501045
2.8500000000000005,1.0,1,1.0,7.748091729863649e-05,0.2319660112501052
2.8600000000000003,1.0000000000000007,1,1.0000000000000007,7.748091729863654e-05,0.24196601125010497
2.87,0.9999999999999988,1,0.9999999999999988,7.748091729863639e-05,0.25196601125010476
2.88,0.9999999999999992,1,0.9999999999999992,7.748091729863643e-05,0.26196601125010455
2.8900000000000006,0.9999999999999994,1,0.9999999999999994,7.748091729863645e-05,0.2719660112501052
2.9000000000000004,1.0,1,1.0,7.748091729863649e-05,0.281966011250105
2.91,0.9999999999999999,1,0.9999999999999999,7.748091729863647e-05,0.2919660112501048
2.92,0.9999999999999993,1,0.9999999999999993,7.748091729863643e-05,0.3019660112501046
2.9299999999999997,0.9999999999999998,1,0.9999999999999998,7.748091729863647e-05,0.31196601125010437
2.9400000000000004,1.0000000000000009,1,1.0000000000000009,7.748091729863655e-05,0.32196601125010504
2.95,0.9999999999999996,1,0.9999999999999996,7.748091729863645e-05,0.33196601125010483
2.96,1.0000000000000009,1,1.0000000000000009,7.748091729863655e-05,0.3419660112501046
2.9699999999999998,0.9999999999999996,1,0.9999999999999996,7.748091729863645e-05,0.3519660112501044
2.9800000000000004,0.9999999999999988,1,0.9999999999999988,7.748091729863639e-05,0.3619660112501051
2.99,1.0000000000000009,1,1.0000000000000009,7.748091729863655e-05,0.37196601125010487
3.0,1.0000000000000009,1,1.0000000000000009,7.748091729863655e-05,0.38196601125010465
3.01,1.0000000000000016,1,1.0000000000000016,7.748091729863661e-05,0.39196601125010444
3.0200000000000005,1.0,1,1.0,7.748091729863649e-05,0.4019660112501051
3.0300000000000002,1.0000000000000009,1,1.0000000000000009,7.748091729863655e-05,0.4119660112501049
3.04,0.9999999999999993,1,0.9999999999999993,7.748091729863643e-05,0.4219660112501047
3.05,0.9999999999999993,1,0.9999999999999993,7.748091729863643e-05,0.4319660112501045
3.0600000000000005,0.9999999999999987,1,0.9999999999999987,7.748091729863638e-05,0.44196601125010515
3.0700000000000003,1.000000000000002,1,1.000000000000002,7.748091729863664e-05,0.45196601125010494
3.08,1.0000000000000002,1,1.0000000000000002,7.74809172986365e-05,0.4619660112501047
3.09,0.9999999999999993,1,0.9999999999999993,7.748091729863643e-05,0.4719660112501045
3.1000000000000005,1.0000000000000009,1,1.0000000000000009,7.748091729863655e-05,0.4819660112501052
3.1100000000000003,1.0,1,1.0,7.748091729863649e-05,0.491966011250105
3.12,1.0000000000000009,1,1.0000000000000009,7.748091729863655e-05,0.4980339887498939
3.13,1.0000000000000004,1,1.0000000000000004,7.748091729863653e-05,0.4880339887498941
3.1400000000000006,0.9999999999999998,1,0.9999999999999998,7.748091729863647e-05,0.47803398874989345
3.1500000000000004,0.999999999999999,1,0.999999999999999,7.74809172986364e-05,0.46803398874989366
3.16,1.0000000000000009,1,1.0000000000000009,7.748091729863655e-05,0.45803398874989387
3.17,1.0000000000000009,1,1.0000000000000009,7.748091729863655e-05,0.4480339887498941
3.1799999999999997,0.9999999999999998,1,0.9999999999999998,7.748091729863647e-05,0.4380339887498943
3.1900000000000004,0.9999999999999993,1,0.9999999999999993,7.748091729863643e-05,0.4280339887498936
3.2,1.0000000000000007,1,1.0000000000000007,7.748091729863654e-05,0.41803398874989384
3.21,1.0000000000000013,1,1.0000000000000013,7.74809172986366e-05,0.40803398874989405
3.2199999999999998,0.9999999999999984,1,0.9999999999999984,7.748091729863637e-05,0.39803398874989426
3.2300000000000004,1.0000000000000004,1,1.0000000000000004,7.748091729863653e-05,0.3880339887498936
3.24,0.9999999999999996,1,0.9999999999999996,7.748091729863645e-05,0.3780339887498938
3.25,0.9999999999999996,1,0.9999999999999996,7.748091729863645e-05,0.368033988749894
3.26,0.9999999999999999,1,0.9999999999999999,7.748091729863647e-05,0.3580339887498942
3.2700000000000005,1.0,1,1.0,7.748091729863649e-05,0.34803398874989355
3.2800000000000002,1.0000000000000007,1,1.0000000000000007,7.748091729863654e-05,0.33803398874989377
3.29,1.0000000000000002,1,1.0000000000000002,7.74809172986365e-05,0.328033988749894
3.3,0.9999999999999993,1,0.9999999999999993,7.748091729863643e-05,0.3180339887498942
3.3100000000000005,0.9999999999999997,1,0.9999999999999997,7.748091729863646e-05,0.3080339887498935
3.3200000000000003,1.0000000000000002,1,1.0000000000000002,7.74809172986365e-05,0.29803398874989373
3.33,0.9999999999999996,1,0.9999999999999996,7.748091729863645e-05,0.28803398874989394
3.34,1.0000000000000007,1,1.0000000000000007,7.748091729863654e-05,0.27803398874989416
3.3500000000000005,1.0000000000000009,1,1.0000000000000009,7.748091729863655e-05,0.2680339887498935
3.3600000000000003,1.0,1,1.0,7.748091729863649e-05,0.2580339887498937
3.37,1.0000000000000022,1,1.0000000000000022,7.748091729863666e-05,0.2480339887498939
3.38,0.9999999999999999,1,0.9999999999999999,7.748091729863647e-05,0.23803398874989412
3.3900000000000006,1.0000000000000002,1,1.0000000000000002,7.74809172986365e-05,0.22803398874989345
3.4000000000000004,1.0000000000000004,1,1.0000000000000004,7.748091729863653e-05,0.21803398874989366
3.41,1.0,1,1.0,7.748091729863649e-05,0.20803398874989387
3.42,0.9999999999999998,1,0.9999999999999998,7.748091729863647e-05,0.19803398874989409
3.4299999999999997,0.9999999999999984,1,0.9999999999999984,7.748091729863637e-05,0.1880339887498943
3.4400000000000004,1.0000000000000013,1,1.0000000000000013,7.74809172986366e-05,0.17803398874989362
3.45,1.0,1,1.0,7.748091729863649e-05,0.16803398874989384
3.46,1.0000000000000007,1,1.0000000000000007,7.748091729863654e-05,0.15803398874989405
3.4699999999999998,1.0000000000000004,1,1.0000000000000004,7.748091729863653e-05,0.14803398874989426
3.4800000000000004,0.9999999999999998,1,0.9999999999999998,7.748091729863647e-05,0.1380339887498936
3.49,0.9999999999999998,1,0.9999999999999998,7.748091729863647e-05,0.1280339887498938
3.5,1.0000000000000018,1,1.0000000000000018,7.748091729863662e-05,0.11803398874989401
3.51,1.0000000000000004,1,1.0000000000000004,7.748091729863653e-05,0.10803398874989423
3.5200000000000005,0.9999999999999993,1,0.9999999999999993,7.748091729863643e-05,0.09803398874989355
3.5300000000000002,0.9999999999999991,1,0.9999999999999991,7.748091729863642e-05,0.08803398874989377
3.54,1.0000000000000002,1,1.0000000000000002,7.74809172986365e-05,0.07803398874989398
3.55,0.9999999999999989,1,0.9999999999999989,7.74809172986364e-05,0.06803398874989419
3.5600000000000005,0.9999999999999999,1,0.9999999999999999,7.748091729863647e-05,0.05803398874989352
3.5700000000000003,0.9999999999999994,1,0.9999999999999994,7.748091729863645e-05,0.04803398874989373
3.58,1.0000000000000009,1,1.0000000000000009,7.748091729863655e-05,0.03803398874989394
3.59,0.9999999999999997,1,0.9999999999999997,7.748091729863646e-05,0.028033988749894156
3.6000000000000005,0.9999999999999996,1,0.9999999999999996,7.748091729863645e-05,0.01803398874989348
3.6100000000000003,0.9999999999999993,1,0.9999999999999993,7.748091729863643e-05,0.008033988749893695
3.62,1.156084678829578e-47,0,1.156084678829578e-47,8.957450139061527e-52,0.0019660112501060922
3.63,5.926507322850488e-47,0,5.926507322850488e-47,4.5919122375154216e-51,0.011966011250105879
3.6400000000000006,4.4496445087971593e-48,0,4.4496445087971593e-48,3.447625381944447e-52,0.021966011250106554
3.6500000000000004,4.7797174845032403e-48,0,4.7797174845032403e-48,3.703368951276424e-52,0.03196601125010634
3.66,1.719255977957988e-48,0,1.719255977957988e-48,1.3320953024334925e-52,0.04196601125010613
3.67,9.678565434313228e-51,0,9.678565434313228e-51,7.49904127985465e-55,0.051966011250105915
3.6799999999999997,6.486489729898769e-51,0,6.486489729898769e-51,5.025791743207414e-55,0.0619660112501057
3.6900000000000004,3.026529812293384e-51,0,3.026529812293384e-51,2.344983060881615e-55,0.07196601125010638
3.7,5.077626401315039e-50,0,5.077626401315039e-50,3.934191512736637e-54,0.08196601125010616
3.71,1.7622296369831729e-50,0,1.7622296369831729e-50,1.3653916876429942e-54,0.09196601125010595
3.7199999999999998,2.7247870219385e-51,0,2.7247870219385e-51,2.111189979032149e-55,0.10196601125010574
3.7300000000000004,2.254976076793014e-51,0,2.254976076793014e-51,1.7471761491640327e-55,0.11196601125010641
3.74,2.3577721456802994e-52,0,2.3577721456802994e-52,1.8268234862848397e-56,0.1219660112501062
3.75,2.2735998903915957e-52,0,2.2735998903915957e-52,1.761606050776202e-56,0.13196601125010599
