energy,site_index_zero_based,local_density_of_states
-0.7705500000000001,0,0.23951519877369104
-0.7705500000000001,1,0.2376889886316652
-0.7705500000000001,2,0.013707895893278877
-0.7705500000000001,3,0.3305081218876581
-0.7705500000000001,4,0.10898804225283905
-0.7705500000000001,5,0.10370102579533894
-0.7705500000000001,6,0.33265598658524437
-0.7705500000000001,7,0.015974471825933097
-0.7705500000000001,8,0.23235374541469517
-0.7705500000000001,9,0.24475132300671937
-0.7705500000000001,10,0.010937922486707882
-0.7705500000000001,11,0.32734107008759766
-0.7705500000000001,12,0.1162116907963673
-0.7705500000000001,13,0.0967098023452708
-0.7705500000000001,14,0.33526376487719967
-0.7705500000000001,15,0.01929850001845716
-0.7705500000000001,16,0.22507154351043693
-0.7705500000000001,17,0.25166791088579815
-0.7705500000000001,18,0.008493654028515677
-0.7705500000000001,19,0.3238617413212657
-0.7705500000000001,20,0.12354877471770305
-0.7705500000000001,21,0.055156737071169804
-0.7705500000000001,22,0.039665652572382956
-0.7705500000000001,23,0.059177163978644615
-0.7705500000000001,24,0.042421474580350914
-0.7705500000000001,25,0.05640680971937224
-0.7705500000000001,26,0.045203958355752666
-0.7705500000000001,27,0.0536146096829757
-0.7705500000000001,28,0.04800345297107191
-0.7705500000000001,29,0.050810248497412336
-0.7705500000000001,30,0.0508102484974123
-0.7705500000000001,31,0.04800345297107193
-0.7705500000000001,32,0.0536146096829757
-0.7705500000000001,33,0.04520395835575267
-0.7705500000000001,34,0.05640680971937227
-0.7705500000000001,35,0.04242147458035093
-0.7705500000000001,36,0.059177163978644545
-0.7705500000000001,37,0.03966565257238296
-0.7705500000000001,38,0.055156737071169824
-0.7705500000000001,39,0.12354877471770302
-0.7705500000000001,40,0.32386174132126566
-0.7705500000000001,41,0.00849365402851564
-0.7705500000000001,42,0.2516679108857982
-0.7705500000000001,43,0.2250715435104368
-0.7705500000000001,44,0.019298500018457197
-0.7705500000000001,45,0.3352637648771997
-0.7705500000000001,46,0.09670980234527078
-0.7705500000000001,47,0.11621169079636721
-0.7705500000000001,48,0.32734107008759766
-0.7705500000000001,49,0.010937922486707776
-0.7705500000000001,50,0.24475132300671937
-0.7705500000000001,51,0.23235374541469506
-0.7705500000000001,52,0.015974471825933208
-0.7705500000000001,53,0.33265598658524437
-0.7705500000000001,54,0.10370102579533888
-0.7705500000000001,55,0.10898804225283903
-0.7705500000000001,56,0.330508121887658
-0.7705500000000001,57,0.013707895893278853
-0.7705500000000001,58,0.23768898863166518
-0.7705500000000001,59,0.23951519877369096
-0.73095,0,0.1705096630131513
-0.73095,1,0.17119907203480322
-0.73095,2,0.17114093844421124
-0.73095,3,0.1705367365295612
-0.73095,4,0.17148045617578825
-0.73095,5,0.17070143678831468
-0.73095,6,0.17089953528249457
-0.73095,7,0.17138819931055232
-0.73095,8,0.17047386003883522
-0.73095,9,0.1713253541425527
-0.73095,10,0.17099164820550103
-0.73095,11,0.1706292709307277
-0.73095,12,0.17149411762327366
-0.73095,13,0.17058887863829963
-0.73095,14,0.1710508516771588
-0.73095,15,0.171278971190358
-0.73095,16,0.17048264062132681
-0.73095,17,0.17142171245676552
-0.73095,18,0.17084163407617275
-0.73095,19,0.17075279014066713
-0.73095,20,0.1714630881523201
-0.73095,21,0.7438026921744477
-0.73095,22,2.4470263223989126
-0.73095,23,6.945418344351685
-0.73095,24,3.0490445374431263
-0.73095,25,6.324822598892578
-0.73095,26,3.685258873310865
-0.73095,27,5.676023080538729
-0.73095,28,4.343550161305261
-0.73095,29,5.011378691581535
-0.73095,30,5.011378691581531
-0.73095,31,4.343550161305262
-0.73095,32,5.676023080538727
-0.73095,33,3.6852588733108633
-0.73095,34,6.324822598892577
-0.73095,35,3.0490445374431263
-0.73095,36,6.945418344351686
-0.73095,37,2.447026322398913
-0.73095,38,0.743802692174448
-0.73095,39,0.17146308815232
-0.73095,40,0.17075279014066713
-0.73095,41,0.1708416340761728
-0.73095,42,0.17142171245676552
-0.73095,43,0.17048264062132687
-0.73095,44,0.1712789711903581
-0.73095,45,0.17105085167715867
-0.73095,46,0.17058887863829963
-0.73095,47,0.17149411762327357
-0.73095,48,0.17062927093072766
-0.73095,49,0.17099164820550114
-0.73095,50,0.17132535414255243
-0.73095,51,0.17047386003883533
-0.73095,52,0.1713881993105522
-0.73095,53,0.17089953528249466
-0.73095,54,0.17070143678831481
-0.73095,55,0.17148045617578822
-0.73095,56,0.17053673652956114
-0.73095,57,0.17114093844421116
-0.73095,58,0.17119907203480308
-0.73095,59,0.1705096630131514
-0.6913499999999999,0,0.015396809524552236
-0.6913499999999999,1,0.330941753856192
-0.6913499999999999,2,0.07827310096313848
-0.6913499999999999,3,0.14729873458626333
-0.6913499999999999,4,0.2949079449556942
-0.6913499999999999,5,0.0012159006272978296
-0.6913499999999999,6,0.30061631307757564
-0.6913499999999999,7,0.13861039749864015
-0.6913499999999999,8,0.08578868752259725
-0.6913499999999999,9,0.3281911038207727
-0.6913499999999999,10,0.012067809079993205
-0.6913499999999999,11,0.250816167804485
-0.6913499999999999,12,0.2035560619961989
-0.6913499999999999,13,0.036739246804290554
-0.6913499999999999,14,0.33790041353317757
-0.6913499999999999,15,0.0463393388667773
-0.6913499999999999,16,0.18894438416985562
-0.6913499999999999,17,0.2634555633959896
-0.6913499999999999,18,0.007441882193728101
-0.6913499999999999,19,0.32259253167870666
-0.6913499999999999,20,0.09893583815285845
-0.6913499999999999,21,0.018954022528363076
-0.6913499999999999,22,0.018500483143913213
-0.6913499999999999,23,0.0972114746905925
-0.6913499999999999,24,0.02793293752762523
-0.6913499999999999,25,0.08696119947261201
-0.6913499999999999,26,0.038880030900349805
-0.6913499999999999,27,0.0754465164392993
-0.6913499999999999,28,0.05082637480489863
-0.6913499999999999,29,0.06320953613283152
-0.6913499999999999,30,0.06320953613283155
-0.6913499999999999,31,0.05082637480489862
-0.6913499999999999,32,0.07544651643929934
-0.6913499999999999,33,0.0388800309003498
-0.6913499999999999,34,0.08696119947261202
-0.6913499999999999,35,0.027932937527625223
-0.6913499999999999,36,0.0972114746905925
-0.6913499999999999,37,0.018500483143913206
-0.6913499999999999,38,0.018954022528363063
-0.6913499999999999,39,0.09893583815285842
-0.6913499999999999,40,0.32259253167870655
-0.6913499999999999,41,0.007441882193728023
-0.6913499999999999,42,0.2634555633959896
-0.6913499999999999,43,0.18894438416985557
-0.6913499999999999,44,0.0463393388667772
-0.6913499999999999,45,0.33790041353317757
-0.6913499999999999,46,0.03673924680429044
-0.6913499999999999,47,0.20355606199619897
-0.6913499999999999,48,0.25081616780448496
-0.6913499999999999,49,0.012067809079993065
-0.6913499999999999,50,0.3281911038207729
-0.6913499999999999,51,0.08578868752259719
-0.6913499999999999,52,0.1386103974986401
-0.6913499999999999,53,0.30061631307757575
-0.6913499999999999,54,0.0012159006272974872
-0.6913499999999999,55,0.2949079449556944
-0.6913499999999999,56,0.1472987345862632
-0.6913499999999999,57,0.07827310096313836
-0.6913499999999999,58,0.3309417538561923
-0.6913499999999999,59,0.015396809524551839
