x,y,gate_strength,energy,ldos_per_energy
0,0,0.25,-2.0,0.08991792364775977
0,1,0.25,-2.0,0.08480271911459204
0,2,0.25,-2.0,0.08569711544686837
0,3,0.25,-2.0,0.08569711544686823
0,4,0.25,-2.0,0.08480271911459214
0,5,0.25,-2.0,0.08991792364775984
1,0,0.25,-2.0,0.04919115434515209
1,1,0.25,-2.0,0.07679192042920892
1,2,0.25,-2.0,0.05954614690747897
1,3,0.25,-2.0,0.05954614690747888
1,4,0.25,-2.0,0.07679192042920882
1,5,0.25,-2.0,0.04919115434515196
2,0,0.25,-2.0,0.09998522824403863
2,1,0.25,-2.0,0.08692680276455986
2,2,0.25,-2.0,0.09241468808101556
2,3,0.25,-2.0,0.09241468808101559
2,4,0.25,-2.0,0.08692680276455993
2,5,0.25,-2.0,0.09998522824403878
3,0,0.25,-2.0,0.16303590394453463
3,1,0.25,-2.0,0.09979355125410566
3,2,0.25,-2.0,0.13295726842170144
3,3,0.25,-2.0,0.13295726842170133
3,4,0.25,-2.0,0.09979355125410566
3,5,0.25,-2.0,0.1630359039445348
4,0,0.25,-2.0,0.14067448420652653
4,1,0.25,-2.0,0.09549663718071495
4,2,0.25,-2.0,0.1184077951749886
4,3,0.25,-2.0,0.1184077951749886
4,4,0.25,-2.0,0.09549663718071492
4,5,0.25,-2.0,0.1406744842065265
5,0,0.25,-2.0,0.06808024392081166
5,1,0.25,-2.0,0.08098898536102264
5,2,0.25,-2.0,0.07199094890660145
5,3,0.25,-2.0,0.07199094890660152
5,4,0.25,-2.0,0.0809889853610226
5,5,0.25,-2.0,0.06808024392081155
6,0,0.25,-2.0,0.055900628503658165
6,1,0.25,-2.0,0.07886629481063598
6,2,0.25,-2.0,0.06480268624039336
6,3,0.25,-2.0,0.06480268624039329
6,4,0.25,-2.0,0.07886629481063599
6,5,0.25,-2.0,0.05590062850365816
7,0,0.25,-2.0,0.12246275270613796
7,1,0.25,-2.0,0.09345486531593811
7,2,0.25,-2.0,0.10826880440771162
7,3,0.25,-2.0,0.10826880440771183
7,4,0.25,-2.0,0.09345486531593818
7,5,0.25,-2.0,0.12246275270613806
8,0,0.25,-2.0,0.17325837728084947
8,1,0.25,-2.0,0.10543330156917523
8,2,0.25,-2.0,0.14075022688535152
8,3,0.25,-2.0,0.1407502268853515
8,4,0.25,-2.0,0.10543330156917505
8,5,0.25,-2.0,0.17325837728084945
9,0,0.25,-2.0,0.14128942647192308
9,1,0.25,-2.0,0.09971095694052498
9,2,0.25,-2.0,0.1199658706484525
9,3,0.25,-2.0,0.11996587064845257
9,4,0.25,-2.0,0.09971095694052505
9,5,0.25,-2.0,0.14128942647192294
10,0,0.25,-2.0,0.0718915165242786
10,1,0.25,-2.0,0.08479531306139308
10,2,0.25,-2.0,0.0764990199455871
10,3,0.25,-2.0,0.07649901994558697
10,4,0.25,-2.0,0.08479531306139305
10,5,0.25,-2.0,0.07189151652427866
11,0,0.25,-2.0,0.05132654665653187
11,1,0.25,-2.0,0.08106368610633968
11,2,0.25,-2.0,0.06576725015757273
11,3,0.25,-2.0,0.06576725015757263
11,4,0.25,-2.0,0.08106368610633968
11,5,0.25,-2.0,0.05132654665653187
12,0,0.25,-2.0,0.10325222403056583
12,1,0.25,-2.0,0.09612445645141546
12,2,0.25,-2.0,0.10064203517682478
12,3,0.25,-2.0,0.10064203517682485
12,4,0.25,-2.0,0.09612445645141544
12,5,0.25,-2.0,0.1032522240305656
13,0,0.25,-2.0,0.18176416477486604
13,1,0.25,-2.0,0.1202957844342795
13,2,0.25,-2.0,0.15074495770445445
13,3,0.25,-2.0,0.15074495770445437
13,4,0.25,-2.0,0.12029578443427939
13,5,0.25,-2.0,0.18176416477486593
14,0,0.25,-2.0,0.23354578414993868
14,1,0.25,-2.0,0.13922083074011032
14,2,0.25,-2.0,0.1830732724137537
14,3,0.25,-2.0,0.18307327241375373
14,4,0.25,-2.0,0.13922083074011052
14,5,0.25,-2.0,0.23354578414993896
15,0,0.25,-2.0,0.2407985782763365
15,1,0.25,-2.0,0.14577273940195876
15,2,0.25,-2.0,0.1876851163776267
15,3,0.25,-2.0,0.1876851163776266
15,4,0.25,-2.0,0.1457727394019587
15,5,0.25,-2.0,0.2407985782763366
16,0,0.25,-2.0,0.21715520539670846
16,1,0.25,-2.0,0.14214375268296012
16,2,0.25,-2.0,0.17369537375583463
16,3,0.25,-2.0,0.17369537375583463
16,4,0.25,-2.0,0.14214375268296
16,5,0.25,-2.0,0.21715520539670846
17,0,0.25,-2.0,0.18431684536114212
17,1,0.25,-2.0,0.13425873015319725
17,2,0.25,-2.0,0.15425202986434963
17,3,0.25,-2.0,0.1542520298643497
17,4,0.25,-2.0,0.13425873015319725
17,5,0.25,-2.0,0.18431684536114182
18,0,0.25,-2.0,0.15731267184682876
18,1,0.25,-2.0,0.126992060412353
18,2,0.25,-2.0,0.13853244359625597
18,3,0.25,-2.0,0.13853244359625583
18,4,0.25,-2.0,0.12699206041235275
18,5,0.25,-2.0,0.15731267184682868
19,0,0.25,-2.0,0.14278884007833426
19,1,0.25,-2.0,0.12275060590840961
19,2,0.25,-2.0,0.13011348759080318
19,3,0.25,-2.0,0.13011348759080313
19,4,0.25,-2.0,0.12275060590840968
19,5,0.25,-2.0,0.14278884007833434
20,0,0.25,-2.0,0.14278884007833434
20,1,0.25,-2.0,0.12275060590840968
20,2,0.25,-2.0,0.13011348759080332
20,3,0.25,-2.0,0.13011348759080307
20,4,0.25,-2.0,0.12275060590840982
20,5,0.25,-2.0,0.14278884007833437
21,0,0.25,-2.0,0.1573126718468289
21,1,0.25,-2.0,0.1269920604123529
21,2,0.25,-2.0,0.13853244359625574
21,3,0.25,-2.0,0.1385324435962559
21,4,0.25,-2.0,0.12699206041235286
21,5,0.25,-2.0,0.1573126718468289
22,0,0.25,-2.0,0.18431684536114198
22,1,0.25,-2.0,0.1342587301531972
22,2,0.25,-2.0,0.15425202986434955
22,3,0.25,-2.0,0.15425202986434977
22,4,0.25,-2.0,0.1342587301531972
22,5,0.25,-2.0,0.1843168453611421
23,0,0.25,-2.0,0.21715520539670866
23,1,0.25,-2.0,0.14214375268296003
23,2,0.25,-2.0,0.17369537375583494
23,3,0.25,-2.0,0.17369537375583474
23,4,0.25,-2.0,0.1421437526829599
23,5,0.25,-2.0,0.2171552053967086
24,0,0.25,-2.0,0.24079857827633674
24,1,0.25,-2.0,0.1457727394019588
24,2,0.25,-2.0,0.1876851163776266
24,3,0.25,-2.0,0.18768511637762678
24,4,0.25,-2.0,0.14577273940195876
24,5,0.25,-2.0,0.24079857827633638
25,0,0.25,-2.0,0.23354578414993893
25,1,0.25,-2.0,0.1392208307401104
25,2,0.25,-2.0,0.1830732724137534
25,3,0.25,-2.0,0.18307327241375368
25,4,0.25,-2.0,0.1392208307401105
25,5,0.25,-2.0,0.23354578414993904
26,0,0.25,-2.0,0.1817641647748661
26,1,0.25,-2.0,0.12029578443427957
26,2,0.25,-2.0,0.15074495770445448
26,3,0.25,-2.0,0.15074495770445442
26,4,0.25,-2.0,0.12029578443427939
26,5,0.25,-2.0,0.18176416477486584
27,0,0.25,-2.0,0.10325222403056583
27,1,0.25,-2.0,0.09612445645141544
27,2,0.25,-2.0,0.1006420351768249
27,3,0.25,-2.0,0.10064203517682493
27,4,0.25,-2.0,0.09612445645141561
27,5,0.25,-2.0,0.10325222403056573
28,0,0.25,-2.0,0.051326546656531996
28,1,0.25,-2.0,0.08106368610633975
28,2,0.25,-2.0,0.06576725015757269
28,3,0.25,-2.0,0.06576725015757272
28,4,0.25,-2.0,0.08106368610633971
28,5,0.25,-2.0,0.051326546656531906
29,0,0.25,-2.0,0.07189151652427868
29,1,0.25,-2.0,0.08479531306139311
29,2,0.25,-2.0,0.07649901994558708
29,3,0.25,-2.0,0.0764990199455871
29,4,0.25,-2.0,0.08479531306139305
29,5,0.25,-2.0,0.0718915165242786
30,0,0.25,-2.0,0.14128942647192283
30,1,0.25,-2.0,0.09971095694052484
30,2,0.25,-2.0,0.11996587064845254
30,3,0.25,-2.0,0.11996587064845268
30,4,0.25,-2.0,0.09971095694052497
30,5,0.25,-2.0,0.14128942647192294
31,0,0.25,-2.0,0.17325837728084933
31,1,0.25,-2.0,0.10543330156917523
31,2,0.25,-2.0,0.14075022688535144
31,3,0.25,-2.0,0.14075022688535144
31,4,0.25,-2.0,0.10543330156917503
31,5,0.25,-2.0,0.17325837728084928
32,0,0.25,-2.0,0.12246275270613792
32,1,0.25,-2.0,0.09345486531593811
32,2,0.25,-2.0,0.10826880440771167
32,3,0.25,-2.0,0.10826880440771167
32,4,0.25,-2.0,0.09345486531593823
32,5,0.25,-2.0,0.12246275270613784
33,0,0.25,-2.0,0.05590062850365821
33,1,0.25,-2.0,0.07886629481063602
33,2,0.25,-2.0,0.06480268624039347
33,3,0.25,-2.0,0.06480268624039341
33,4,0.25,-2.0,0.07886629481063595
33,5,0.25,-2.0,0.05590062850365818
34,0,0.25,-2.0,0.06808024392081168
34,1,0.25,-2.0,0.08098898536102264
34,2,0.25,-2.0,0.0719909489066014
34,3,0.25,-2.0,0.07199094890660139
34,4,0.25,-2.0,0.08098898536102261
34,5,0.25,-2.0,0.06808024392081173
35,0,0.25,-2.0,0.14067448420652653
35,1,0.25,-2.0,0.0954966371807149
35,2,0.25,-2.0,0.11840779517498859
35,3,0.25,-2.0,0.1184077951749885
35,4,0.25,-2.0,0.09549663718071497
35,5,0.25,-2.0,0.14067448420652648
36,0,0.25,-2.0,0.16303590394453465
36,1,0.25,-2.0,0.09979355125410569
36,2,0.25,-2.0,0.13295726842170144
36,3,0.25,-2.0,0.13295726842170133
36,4,0.25,-2.0,0.09979355125410558
36,5,0.25,-2.0,0.1630359039445345
37,0,0.25,-2.0,0.09998522824403853
37,1,0.25,-2.0,0.08692680276455979
37,2,0.25,-2.0,0.0924146880810155
37,3,0.25,-2.0,0.09241468808101548
37,4,0.25,-2.0,0.08692680276455997
37,5,0.25,-2.0,0.09998522824403873
38,0,0.25,-2.0,0.04919115434515215
38,1,0.25,-2.0,0.0767919204292089
38,2,0.25,-2.0,0.059546146907478975
38,3,0.25,-2.0,0.05954614690747893
38,4,0.25,-2.0,0.07679192042920882
38,5,0.25,-2.0,0.04919115434515209
39,0,0.25,-2.0,0.08991792364775995
39,1,0.25,-2.0,0.08480271911459208
39,2,0.25,-2.0,0.08569711544686838
39,3,0.25,-2.0,0.0856971154468684
39,4,0.25,-2.0,0.08480271911459214
39,5,0.25,-2.0,0.08991792364775991
0,0,0.75,-2.0,0.06207616604057537
0,1,0.75,-2.0,0.1016685504247204
0,2,0.75,-2.0,0.062235960953445066
0,3,0.75,-2.0,0.06223596095344499
0,4,0.75,-2.0,0.10166855042472049
0,5,0.75,-2.0,0.06207616604057539
1,0,0.75,-2.0,0.039137496684453925
1,1,0.75,-2.0,0.04047432692313182
1,2,0.75,-2.0,0.06193541060192005
1,3,0.75,-2.0,0.06193541060192015
1,4,0.75,-2.0,0.04047432692313169
1,5,0.75,-2.0,0.039137496684453876
2,0,0.75,-2.0,0.17039518616581836
2,1,0.75,-2.0,0.1278803713699274
2,2,0.75,-2.0,0.13181852654029655
2,3,0.75,-2.0,0.13181852654029658
2,4,0.75,-2.0,0.1278803713699276
2,5,0.75,-2.0,0.17039518616581845
3,0,0.75,-2.0,0.17242980537634073
3,1,0.75,-2.0,0.10032530889915788
3,2,0.75,-2.0,0.1396409804511945
3,3,0.75,-2.0,0.13964098045119436
3,4,0.75,-2.0,0.10032530889915786
3,5,0.75,-2.0,0.17242980537634064
4,0,0.75,-2.0,0.08271100665683001
4,1,0.75,-2.0,0.06091175068888064
4,2,0.75,-2.0,0.08703297508814319
4,3,0.75,-2.0,0.08703297508814317
4,4,0.75,-2.0,0.060911750688880724
4,5,0.75,-2.0,0.08271100665683007
5,0,0.75,-2.0,0.06393578272128399
5,1,0.75,-2.0,0.11634578625724858
5,2,0.75,-2.0,0.06263167376843094
5,3,0.75,-2.0,0.06263167376843091
5,4,0.75,-2.0,0.11634578625724841
5,5,0.75,-2.0,0.06393578272128393
6,0,0.75,-2.0,0.060097934759280595
6,1,0.75,-2.0,0.058884351843068845
6,2,0.75,-2.0,0.07473026469755685
6,3,0.75,-2.0,0.07473026469755686
6,4,0.75,-2.0,0.05888435184306898
6,5,0.75,-2.0,0.06009793475928056
7,0,0.75,-2.0,0.15812717301401258
7,1,0.75,-2.0,0.09989756572268396
7,2,0.75,-2.0,0.1368843195551103
7,3,0.75,-2.0,0.13688431955511024
7,4,0.75,-2.0,0.09989756572268403
7,5,0.75,-2.0,0.15812717301401252
8,0,0.75,-2.0,0.23260601710716522
8,1,0.75,-2.0,0.16465316537502672
8,2,0.75,-2.0,0.17545204954401497
8,3,0.75,-2.0,0.17545204954401503
8,4,0.75,-2.0,0.16465316537502658
8,5,0.75,-2.0,0.23260601710716516
9,0,0.75,-2.0,0.16484449471713494
9,1,0.75,-2.0,0.08817066690279675
9,2,0.75,-2.0,0.14201599404413773
9,3,0.75,-2.0,0.14201599404413773
9,4,0.75,-2.0,0.08817066690279683
9,5,0.75,-2.0,0.16484449471713497
10,0,0.75,-2.0,0.11729856644909105
10,1,0.75,-2.0,0.10089019807876319
10,2,0.75,-2.0,0.11287981908257189
10,3,0.75,-2.0,0.11287981908257182
10,4,0.75,-2.0,0.10089019807876308
10,5,0.75,-2.0,0.11729856644909109
11,0,0.75,-2.0,0.098435160072255
11,1,0.75,-2.0,0.14985451731458518
11,2,0.75,-2.0,0.09997832538100627
11,3,0.75,-2.0,0.09997832538100629
11,4,0.75,-2.0,0.14985451731458516
11,5,0.75,-2.0,0.098435160072255
12,0,0.75,-2.0,0.04369557868651585
12,1,0.75,-2.0,0.08275706850962067
12,2,0.75,-2.0,0.0730727052382879
12,3,0.75,-2.0,0.07307270523828796
12,4,0.75,-2.0,0.08275706850962067
12,5,0.75,-2.0,0.04369557868651586
13,0,0.75,-2.0,0.013892103705393823
13,1,0.75,-2.0,0.04036211552814042
13,2,0.75,-2.0,0.06081155226662339
13,3,0.75,-2.0,0.0608115522666234
13,4,0.75,-2.0,0.04036211552814037
13,5,0.75,-2.0,0.013892103705393809
14,0,0.75,-2.0,0.03595605819883664
14,1,0.75,-2.0,0.10990567933159696
14,2,0.75,-2.0,0.08203878192327017
14,3,0.75,-2.0,0.08203878192327027
14,4,0.75,-2.0,0.10990567933159695
14,5,0.75,-2.0,0.03595605819883662
15,0,0.75,-2.0,0.0630173279059322
15,1,0.75,-2.0,0.1932217637577533
15,2,0.75,-2.0,0.1093747226374897
15,3,0.75,-2.0,0.1093747226374898
15,4,0.75,-2.0,0.19322176375775327
15,5,0.75,-2.0,0.06301732790593217
16,0,0.75,-2.0,0.06673730336321441
16,1,0.75,-2.0,0.2140628658056796
16,2,0.75,-2.0,0.1196662883629374
16,3,0.75,-2.0,0.11966628836293743
16,4,0.75,-2.0,0.21406286580567926
16,5,0.75,-2.0,0.06673730336321436
17,0,0.75,-2.0,0.05510267981443206
17,1,0.75,-2.0,0.1872710506409711
17,2,0.75,-2.0,0.1155598702805601
17,3,0.75,-2.0,0.11555987028056014
17,4,0.75,-2.0,0.1872710506409711
17,5,0.75,-2.0,0.05510267981443203
18,0,0.75,-2.0,0.04236472046916951
18,1,0.75,-2.0,0.15233186486633205
18,2,0.75,-2.0,0.10766132089825986
18,3,0.75,-2.0,0.10766132089826011
18,4,0.75,-2.0,0.15233186486633196
18,5,0.75,-2.0,0.04236472046916949
19,0,0.75,-2.0,0.035245677758111306
19,1,0.75,-2.0,0.13154311231635318
19,2,0.75,-2.0,0.10245173184208238
19,3,0.75,-2.0,0.1024517318420824
19,4,0.75,-2.0,0.13154311231635324
19,5,0.75,-2.0,0.03524567775811129
20,0,0.75,-2.0,0.03524567775811133
20,1,0.75,-2.0,0.13154311231635313
20,2,0.75,-2.0,0.10245173184208234
20,3,0.75,-2.0,0.1024517318420824
20,4,0.75,-2.0,0.1315431123163532
20,5,0.75,-2.0,0.03524567775811127
21,0,0.75,-2.0,0.04236472046916951
21,1,0.75,-2.0,0.1523318648663321
21,2,0.75,-2.0,0.10766132089826004
21,3,0.75,-2.0,0.10766132089825996
21,4,0.75,-2.0,0.15233186486633185
21,5,0.75,-2.0,0.04236472046916955
22,0,0.75,-2.0,0.055102679814432065
22,1,0.75,-2.0,0.18727105064097138
22,2,0.75,-2.0,0.11555987028056032
22,3,0.75,-2.0,0.11555987028056014
22,4,0.75,-2.0,0.18727105064097102
22,5,0.75,-2.0,0.05510267981443199
23,0,0.75,-2.0,0.06673730336321437
23,1,0.75,-2.0,0.2140628658056794
23,2,0.75,-2.0,0.11966628836293736
23,3,0.75,-2.0,0.11966628836293736
23,4,0.75,-2.0,0.2140628658056794
23,5,0.75,-2.0,0.06673730336321448
24,0,0.75,-2.0,0.06301732790593216
24,1,0.75,-2.0,0.1932217637577531
24,2,0.75,-2.0,0.1093747226374897
24,3,0.75,-2.0,0.10937472263748979
24,4,0.75,-2.0,0.19322176375775327
24,5,0.75,-2.0,0.06301732790593223
25,0,0.75,-2.0,0.03595605819883667
25,1,0.75,-2.0,0.10990567933159706
25,2,0.75,-2.0,0.08203878192327028
25,3,0.75,-2.0,0.08203878192327017
25,4,0.75,-2.0,0.10990567933159706
25,5,0.75,-2.0,0.03595605819883664
26,0,0.75,-2.0,0.0138921037053938
26,1,0.75,-2.0,0.0403621155281403
26,2,0.75,-2.0,0.060811552266623305
26,3,0.75,-2.0,0.060811552266623305
26,4,0.75,-2.0,0.04036211552814032
26,5,0.75,-2.0,0.013892103705393833
27,0,0.75,-2.0,0.043695578686515836
27,1,0.75,-2.0,0.08275706850962068
27,2,0.75,-2.0,0.07307270523828796
27,3,0.75,-2.0,0.07307270523828799
27,4,0.75,-2.0,0.0827570685096207
27,5,0.75,-2.0,0.043695578686515885
28,0,0.75,-2.0,0.09843516007225504
28,1,0.75,-2.0,0.1498545173145853
28,2,0.75,-2.0,0.09997832538100639
28,3,0.75,-2.0,0.0999783253810062
28,4,0.75,-2.0,0.14985451731458518
28,5,0.75,-2.0,0.09843516007225511
29,0,0.75,-2.0,0.11729856644909105
29,1,0.75,-2.0,0.10089019807876295
29,2,0.75,-2.0,0.11287981908257179
29,3,0.75,-2.0,0.11287981908257175
29,4,0.75,-2.0,0.10089019807876333
29,5,0.75,-2.0,0.11729856644909113
30,0,0.75,-2.0,0.16484449471713503
30,1,0.75,-2.0,0.08817066690279673
30,2,0.75,-2.0,0.1420159940441377
30,3,0.75,-2.0,0.14201599404413762
30,4,0.75,-2.0,0.08817066690279682
30,5,0.75,-2.0,0.16484449471713497
31,0,0.75,-2.0,0.23260601710716525
31,1,0.75,-2.0,0.16465316537502678
31,2,0.75,-2.0,0.17545204954401472
31,3,0.75,-2.0,0.17545204954401492
31,4,0.75,-2.0,0.16465316537502656
31,5,0.75,-2.0,0.23260601710716497
32,0,0.75,-2.0,0.15812717301401252
32,1,0.75,-2.0,0.09989756572268398
32,2,0.75,-2.0,0.1368843195551102
32,3,0.75,-2.0,0.13688431955511032
32,4,0.75,-2.0,0.09989756572268402
32,5,0.75,-2.0,0.15812717301401236
33,0,0.75,-2.0,0.06009793475928048
33,1,0.75,-2.0,0.05888435184306891
33,2,0.75,-2.0,0.07473026469755682
33,3,0.75,-2.0,0.07473026469755675
33,4,0.75,-2.0,0.05888435184306887
33,5,0.75,-2.0,0.06009793475928051
34,0,0.75,-2.0,0.06393578272128408
34,1,0.75,-2.0,0.11634578625724852
34,2,0.75,-2.0,0.0626316737684311
34,3,0.75,-2.0,0.06263167376843108
34,4,0.75,-2.0,0.11634578625724877
34,5,0.75,-2.0,0.06393578272128413
35,0,0.75,-2.0,0.08271100665683007
35,1,0.75,-2.0,0.060911750688880675
35,2,0.75,-2.0,0.08703297508814302
35,3,0.75,-2.0,0.08703297508814305
35,4,0.75,-2.0,0.06091175068888062
35,5,0.75,-2.0,0.08271100665683004
36,0,0.75,-2.0,0.17242980537634048
36,1,0.75,-2.0,0.1003253088991579
36,2,0.75,-2.0,0.1396409804511944
36,3,0.75,-2.0,0.13964098045119439
36,4,0.75,-2.0,0.10032530889915792
36,5,0.75,-2.0,0.1724298053763404
37,0,0.75,-2.0,0.17039518616581822
37,1,0.75,-2.0,0.1278803713699275
37,2,0.75,-2.0,0.1318185265402965
37,3,0.75,-2.0,0.13181852654029638
37,4,0.75,-2.0,0.12788037136992758
37,5,0.75,-2.0,0.17039518616581842
38,0,0.75,-2.0,0.03913749668445391
38,1,0.75,-2.0,0.04047432692313172
38,2,0.75,-2.0,0.06193541060192009
38,3,0.75,-2.0,0.061935410601920045
38,4,0.75,-2.0,0.0404743269231317
38,5,0.75,-2.0,0.03913749668445396
39,0,0.75,-2.0,0.062076166040575545
39,1,0.75,-2.0,0.10166855042472044
39,2,0.75,-2.0,0.062235960953445135
39,3,0.75,-2.0,0.062235960953445184
39,4,0.75,-2.0,0.10166855042472046
39,5,0.75,-2.0,0.06207616604057543
