energy,gate_strength,transmission_T,N_open_lead,N_local_open_centre,conductance_S
-3.5,0.0,1.0000000000000002,1,1,7.74809172986365e-05
-3.5,0.25,0.17242134778228177,1,0,1.3359364188038413e-05
-3.5,0.5,1.5309810583852572e-06,1,0,1.1862181677052708e-10
-3.5,0.75,3.5011602981975473e-10,1,0,2.712731115139136e-14
-3.5,1.0,4.2816921340396996e-13,1,0,3.317494341357523e-17
-3.0,0.0,1.9999999999999998,2,2,0.00015496183459727295
-3.0,0.25,1.0001653448946568,2,1,7.749372837274515e-05
-3.0,0.5,0.9904259588348561,2,1,7.673911180690623e-05
-3.0,0.75,0.00748423578962794,2,0,5.798854542596578e-07
-3.0,1.0,4.209593902814386e-06,2,0,3.2616319704480583e-10
-2.5,0.0,1.9999999999999987,2,2,0.00015496183459727287
-2.5,0.25,1.9999910118389228,2,2,0.0001549611381863079
-2.5,0.5,1.023250374331779,2,1,7.92823776293994e-05
-2.5,0.75,0.9997661422928006,2,1,7.746279778896533e-05
-2.5,1.0,0.6236026198596863,2,1,4.8317303016561406e-05
-2.0,0.0,3.000000000000001,3,3,0.00023244275189590954
-2.0,0.25,2.278134804537332,3,2,0.00017651197438550242
-2.0,0.5,1.9999396214345497,3,2,0.00015495715641063672
-2.0,0.75,1.2814170967858387,3,1,9.928537210112244e-05
-2.0,1.0,1.000064085439017,3,1,7.748588269723701e-05
-1.5,0.0,4.000000000000003,4,4,0.00030992366919454617
-1.5,0.25,2.9999986420319313,4,3,0.00023244264667929783
-1.5,0.5,2.5743336195310045,4,3,0.0001994617302739813
-1.5,0.75,1.9999891652524158,4,2,0.00015496099511109145
-1.5,1.0,1.795113239425365,4,2,0.00013908702044560414
