N,hopping_t,epsilon_0,contact_t_c,W,energy,n_realizations,master_seed,seed_generation_convention,seeds,mean_T,median_T,standard_deviation_T,standard_error_mean_T,mean_log_T,typical_T,log_floor,log_floor_count
10,1.0,0.0,1.0,0.5,0.0,100,20260317,SeedSequence(master_seed).spawn; child converted to uint64 seed,12459602890282494471;10351435445525347241;11491828320812213423;11901971033938274235;9717946654663240597;6492091604182169764;12235326939928850701;17670725376912899633;12293450249030448533;7335242557011603435;8922933165607686954;7579926213462224078;17388592563422392011;11870006560519103410;14275482402509514898;9720286785435849821;3885161910575576869;16947748662426330884;8211713773239286243;17551038971209526066;17483724914424560712;14936054216548531714;18074627661172457890;1079329062046208623;17434026075975410663;4736618336391643825;7746331658853559365;9780767646927566545;8098184492241022811;12671099905574320359;12871063456251147561;16929463854461574946;15218755269023200345;14040805042828808337;1311033506569326518;7520017289560127767;1054105194477966402;3989281464227762762;11758557204636161180;8700759876626181383;18263483155442967130;15615223603060514582;12788125819745073167;11405856526004228794;8095062763755816832;5041427914726606656;13078683590348421878;12720326316441707130;1795106265712335243;12195058977678573198;7762155674022517489;10456157936916273069;4934828638501196050;6402373391508895023;4668211102683065956;16176326754630045249;12130586007803877966;8390434380338036541;6491114988404882710;5924172625609998169;17861142547882766238;13536841095447174554;6069822579955068548;1268299338154819051;9815202197050626697;12128109330938364936;9938907362098370831;16515888227091830937;7387836543090603159;12559068951100131616;6259794054069439517;6788405363792469033;6564310970822031558;12678374453073889568;13865572671880538942;14384367448579297405;2186275905216730966;11956814127962030800;11759140606591373448;2180415928640838626;12983529130682150686;18430436136397664446;16997097182110600935;16968617155165786801;3349929937300266827;13841283780433275732;4660399157113944320;11132279017466919109;7103675884703871922;13612470808709963354;8876723789320200726;13584211373139486246;2614160194754754655;3977704971080741361;2245441826553190774;4337192065189144951;12416682783716042936;11579283284066566713;8591472804962248655;13521935622202473299,0.9506204227611186,0.974219463170259,0.06283594478890425,0.0062835944788904256,-0.05308923132287832,0.9482953910546902,1e-12,0
10,1.0,0.0,1.0,0.5,0.5,100,20260317,SeedSequence(master_seed).spawn; child converted to uint64 seed,12459602890282494471;10351435445525347241;11491828320812213423;11901971033938274235;9717946654663240597;6492091604182169764;12235326939928850701;17670725376912899633;12293450249030448533;7335242557011603435;8922933165607686954;7579926213462224078;17388592563422392011;11870006560519103410;14275482402509514898;9720286785435849821;3885161910575576869;16947748662426330884;8211713773239286243;17551038971209526066;17483724914424560712;14936054216548531714;18074627661172457890;1079329062046208623;17434026075975410663;4736618336391643825;7746331658853559365;9780767646927566545;8098184492241022811;12671099905574320359;12871063456251147561;16929463854461574946;15218755269023200345;14040805042828808337;1311033506569326518;7520017289560127767;1054105194477966402;3989281464227762762;11758557204636161180;8700759876626181383;18263483155442967130;15615223603060514582;12788125819745073167;11405856526004228794;8095062763755816832;5041427914726606656;13078683590348421878;12720326316441707130;1795106265712335243;12195058977678573198;7762155674022517489;10456157936916273069;4934828638501196050;6402373391508895023;4668211102683065956;16176326754630045249;12130586007803877966;8390434380338036541;6491114988404882710;5924172625609998169;17861142547882766238;13536841095447174554;6069822579955068548;1268299338154819051;9815202197050626697;12128109330938364936;9938907362098370831;16515888227091830937;7387836543090603159;12559068951100131616;6259794054069439517;6788405363792469033;6564310970822031558;12678374453073889568;13865572671880538942;14384367448579297405;2186275905216730966;11956814127962030800;11759140606591373448;2180415928640838626;12983529130682150686;18430436136397664446;16997097182110600935;16968617155165786801;3349929937300266827;13841283780433275732;4660399157113944320;11132279017466919109;7103675884703871922;13612470808709963354;8876723789320200726;13584211373139486246;2614160194754754655;3977704971080741361;2245441826553190774;4337192065189144951;12416682783716042936;11579283284066566713;8591472804962248655;13521935622202473299,0.945109994599444,0.9609892636825674,0.05464283907889457,0.005464283907889457,-0.05822922275984908,0.9434336661807559,1e-12,0
10,1.0,0.0,1.0,1.0,0.0,100,20260317,SeedSequence(master_seed).spawn; child converted to uint64 seed,6358626212890054139;6361612187856284;15953272573623010888;101403228434851885;11658275836351847037;6942039143628759878;3666068461152016534;13880381415189186284;13382624744570856380;16040561387272949707;1578804822268355768;5785584127011154506;16246475778562046431;10571253577057988526;3482905863771574866;3693608563203597315;3150719687378889521;9399968794819065960;12683614597115240836;12025442548164811491;13727274866904810699;12084736801334984145;9277959507194667328;12738498854482733326;2185744492323569098;5185396141929315970;1248748598122805573;14976173227321107762;3862530054024484805;6764379006878611023;14795635528279293141;5198876827879110532;15835004179017320824;10910629867327159617;4031237767880107157;5194839877526535357;6421855840282786595;6972336589625564564;2083659163849697954;664142207625402309;13322987566358251062;6374359526137240908;8832979656449210297;18337565232425693729;13638227150568536420;16069203727721667681;4588703540013037056;17535673659183857939;11545544742410702461;7445118844054084468;4871542526605070674;17976489114090889309;6772789909514406377;15546519649990618042;3420482546404901084;13811837037872645266;3601188696504428183;13414660110899933173;16007664040342576046;1489672501812092681;16467713371343729239;15966759156968203412;13035136118620496118;14245718192608692166;3967474652358465463;13526508699199132188;12712964177112478303;16375161944204223944;1843916272255696185;6051037167806274385;10250712577416472990;12577417518719422877;4807211928486409887;1856964594566820337;5481163890322614351;4465142642228226360;4969704069612028591;3788751780646326454;9376568949264799133;7387695569365842403;9240029109853589227;12391486419325523636;12336152280015311309;11881441847419770431;5733864190795586993;10255071229524188587;15226847217741375691;10694411363241566469;7555577682738537588;4401603192937380784;10608477407638402373;6158344702012870837;15776508440949661496;3058408690420478723;14786076165185408810;8642063867083042640;17051405343632364021;13339775932658720414;161316719439307109;4856921663378792606,0.8695136361688057,0.9152900832004386,0.12578021466092337,0.012578021466092337,-0.15239645205906244,0.8586478005650061,1e-12,0
10,1.0,0.0,1.0,1.0,0.5,100,20260317,SeedSequence(master_seed).spawn; child converted to uint64 seed,6358626212890054139;6361612187856284;15953272573623010888;101403228434851885;11658275836351847037;6942039143628759878;3666068461152016534;13880381415189186284;13382624744570856380;16040561387272949707;1578804822268355768;5785584127011154506;16246475778562046431;10571253577057988526;3482905863771574866;3693608563203597315;3150719687378889521;9399968794819065960;12683614597115240836;12025442548164811491;13727274866904810699;12084736801334984145;9277959507194667328;12738498854482733326;2185744492323569098;5185396141929315970;1248748598122805573;14976173227321107762;3862530054024484805;6764379006878611023;14795635528279293141;5198876827879110532;15835004179017320824;10910629867327159617;4031237767880107157;5194839877526535357;6421855840282786595;6972336589625564564;2083659163849697954;664142207625402309;13322987566358251062;6374359526137240908;8832979656449210297;18337565232425693729;13638227150568536420;16069203727721667681;4588703540013037056;17535673659183857939;11545544742410702461;7445118844054084468;4871542526605070674;17976489114090889309;6772789909514406377;15546519649990618042;3420482546404901084;13811837037872645266;3601188696504428183;13414660110899933173;16007664040342576046;1489672501812092681;16467713371343729239;15966759156968203412;13035136118620496118;14245718192608692166;3967474652358465463;13526508699199132188;12712964177112478303;16375161944204223944;1843916272255696185;6051037167806274385;10250712577416472990;12577417518719422877;4807211928486409887;1856964594566820337;5481163890322614351;4465142642228226360;4969704069612028591;3788751780646326454;9376568949264799133;7387695569365842403;9240029109853589227;12391486419325523636;12336152280015311309;11881441847419770431;5733864190795586993;10255071229524188587;15226847217741375691;10694411363241566469;7555577682738537588;4401603192937380784;10608477407638402373;6158344702012870837;15776508440949661496;3058408690420478723;14786076165185408810;8642063867083042640;17051405343632364021;13339775932658720414;161316719439307109;4856921663378792606,0.8188843298260364,0.8384078122349423,0.13023688722142188,0.013023688722142188,-0.21402421501360666,0.8073288353072521,1e-12,0
10,1.0,0.0,1.0,2.0,0.0,100,20260317,SeedSequence(master_seed).spawn; child converted to uint64 seed,9388897000977031322;847895197269304439;1552683677432768579;857319184480443375;6249356729178737405;4770382455475463042;303325440091138402;4238409421735928234;8886798485365756275;15243578890443239573;9585990446816971890;4843871174192447065;6858342954729802680;16563637028639526811;7200497307265108095;7174764632227353612;6399390994499769530;7503959346567247832;7657245754236252847;3750781668727843535;3095743543404332211;1297612178303906274;15254771164872853700;7527387429355888800;16292022489076298940;6390821625125572147;17583100676303071404;16752264819935428294;10188528482408364479;14582571885498353978;619939347905177220;6325730535175579825;11092437646567862487;16665899886778662341;11769585508056401289;11961411959494677323;3761098723393333892;15175540995418104089;9761314212503956472;8620964798990115861;5703953789574710966;13599775161810907759;13183143080830786162;6755435030747487513;1402182540225109978;17263643058488022213;17906619994562531125;17383041493180944101;17582849451542101004;12767251118415102246;15901125658174286451;9749247258018390951;12615114359874787319;13134065694422695085;7035843389728852208;14178442267125711426;546570989077957891;12530800154705707616;8000058338453133684;2422793232654653642;15200762555849585336;17856397406942895395;594774615905112416;4227693468576058005;13956433601865481675;4613605450730736022;518828890706592084;12266028105944735373;11256596294713976168;4206050743970672069;7354826408415147857;9068633900117127465;8898457292911599989;3671891069845068363;10137449841657678477;9327071580436760276;9040686791031492465;9441292474276901691;4605317716018476570;10388858249462720908;1432461966257694987;8833777267450974135;1365894822538993956;13379729508183429501;7617208074633844055;12927631925155085517;2648908196374562971;2481444916556742692;9390681520409912223;5119065903194805727;7719237522322778570;9725555093324540631;12508415975496365579;16135452710359195187;11020438800342239567;4784451285330089054;12219384927708012242;6210991959839775199;18091866276565332388;14963562672299736301,0.561395509525708,0.5802560350794552,0.288284676670669,0.028828467667066898,-0.7737021654131676,0.4613020864670148,1e-12,0
10,1.0,0.0,1.0,2.0,0.5,100,20260317,SeedSequence(master_seed).spawn; child converted to uint64 seed,9388897000977031322;847895197269304439;1552683677432768579;857319184480443375;6249356729178737405;4770382455475463042;303325440091138402;4238409421735928234;8886798485365756275;15243578890443239573;9585990446816971890;4843871174192447065;6858342954729802680;16563637028639526811;7200497307265108095;7174764632227353612;6399390994499769530;7503959346567247832;7657245754236252847;3750781668727843535;3095743543404332211;1297612178303906274;15254771164872853700;7527387429355888800;16292022489076298940;6390821625125572147;17583100676303071404;16752264819935428294;10188528482408364479;14582571885498353978;619939347905177220;6325730535175579825;11092437646567862487;16665899886778662341;11769585508056401289;11961411959494677323;3761098723393333892;15175540995418104089;9761314212503956472;8620964798990115861;5703953789574710966;13599775161810907759;13183143080830786162;6755435030747487513;1402182540225109978;17263643058488022213;17906619994562531125;17383041493180944101;17582849451542101004;12767251118415102246;15901125658174286451;9749247258018390951;12615114359874787319;13134065694422695085;7035843389728852208;14178442267125711426;546570989077957891;12530800154705707616;8000058338453133684;2422793232654653642;15200762555849585336;17856397406942895395;594774615905112416;4227693468576058005;13956433601865481675;4613605450730736022;518828890706592084;12266028105944735373;11256596294713976168;4206050743970672069;7354826408415147857;9068633900117127465;8898457292911599989;3671891069845068363;10137449841657678477;9327071580436760276;9040686791031492465;9441292474276901691;4605317716018476570;10388858249462720908;1432461966257694987;8833777267450974135;1365894822538993956;13379729508183429501;7617208074633844055;12927631925155085517;2648908196374562971;2481444916556742692;9390681520409912223;5119065903194805727;7719237522322778570;9725555093324540631;12508415975496365579;16135452710359195187;11020438800342239567;4784451285330089054;12219384927708012242;6210991959839775199;18091866276565332388;14963562672299736301,0.4947623561284935,0.48074168319695915,0.25011757062996676,0.025011757062996676,-0.8673657385813788,0.4200566320495436,1e-12,0
20,1.0,0.0,1.0,0.5,0.0,100,20260317,SeedSequence(master_seed).spawn; child converted to uint64 seed,11400278750620004550;12838806366958040691;11659479952612989814;14784901691009758067;9801651682659049574;357877852854430148;13015064941082718019;4005475437809009603;11572901730936204236;14940869772955681580;16599450455755274229;16335235664451327527;2549727044658730238;11039876747283087310;18313880443726296846;1627061405899508883;17853570037287112011;6850778268488862564;7257091487974884905;8135234171682027223;14509387122691903454;12101925168504105048;17623584374538488916;12735176425586394430;15641531245275275406;5990174556188302184;13187278784500589349;12450733698475760693;14398839641399467498;18147711154413403138;1657741230791726081;13504794724796933643;17373454356370591347;13245039732778082960;4384785814292692797;7079902269926142614;1472484630656289328;18377611820284752679;2373972930269892192;15863560573260642473;2138681826766728785;5812803711483714849;2343997430704661986;6710942468970081886;16575583341864761679;17057201016012733565;18228135712349644606;10677884137691790259;1402776865360136140;13448538860320629862;15914553251678898051;13380598001370785597;14564411327320836642;12374954472978836330;3948522750934000787;15502474020844093818;9219959766370246702;2212073057356792590;6559524922774021599;7711481652306599807;2838871110436773563;4426728182526731778;10479302848119322185;4999295654078122946;5455072893810374749;9339702172276318150;2570595553676965166;7569440244912808188;14902760180645483089;11584913391293224784;9510393213243402753;1804493576284011181;4783691730277685715;5433829483160806667;15683141033335446690;9644107094042081761;3906374835542515547;13378234782198448300;10195392301875549136;18066252284400617596;14768761824295430258;8492843723458564613;18100937133446967751;7484709934412117596;13265269331927513106;17396480793664078463;15717484505702829379;14417670715052240064;18221572235042206888;7391295956612567179;12857063556736531692;16841334731500204171;13477726560869464722;14964781370757193288;5835008381893522416;3397556215000418541;3629614802913998199;12105523453897429755;4957182243505397560;11273934586424709705,0.9106533648736114,0.9406791150443117,0.09456209719000992,0.009456209719000993,-0.0997038309305084,0.9051054425804312,1e-12,0
20,1.0,0.0,1.0,0.5,0.5,100,20260317,SeedSequence(master_seed).spawn; child converted to uint64 seed,11400278750620004550;12838806366958040691;11659479952612989814;14784901691009758067;9801651682659049574;357877852854430148;13015064941082718019;4005475437809009603;11572901730936204236;14940869772955681580;16599450455755274229;16335235664451327527;2549727044658730238;11039876747283087310;18313880443726296846;1627061405899508883;17853570037287112011;6850778268488862564;7257091487974884905;8135234171682027223;14509387122691903454;12101925168504105048;17623584374538488916;12735176425586394430;15641531245275275406;5990174556188302184;13187278784500589349;12450733698475760693;14398839641399467498;18147711154413403138;1657741230791726081;13504794724796933643;17373454356370591347;13245039732778082960;4384785814292692797;7079902269926142614;1472484630656289328;18377611820284752679;2373972930269892192;15863560573260642473;2138681826766728785;5812803711483714849;2343997430704661986;6710942468970081886;16575583341864761679;17057201016012733565;18228135712349644606;10677884137691790259;1402776865360136140;13448538860320629862;15914553251678898051;13380598001370785597;14564411327320836642;12374954472978836330;3948522750934000787;15502474020844093818;9219959766370246702;2212073057356792590;6559524922774021599;7711481652306599807;2838871110436773563;4426728182526731778;10479302848119322185;4999295654078122946;5455072893810374749;9339702172276318150;2570595553676965166;7569440244912808188;14902760180645483089;11584913391293224784;9510393213243402753;1804493576284011181;4783691730277685715;5433829483160806667;15683141033335446690;9644107094042081761;3906374835542515547;13378234782198448300;10195392301875549136;18066252284400617596;14768761824295430258;8492843723458564613;18100937133446967751;7484709934412117596;13265269331927513106;17396480793664078463;15717484505702829379;14417670715052240064;18221572235042206888;7391295956612567179;12857063556736531692;16841334731500204171;13477726560869464722;14964781370757193288;5835008381893522416;3397556215000418541;3629614802913998199;12105523453897429755;4957182243505397560;11273934586424709705,0.8988869210393529,0.9148108504745742,0.08270404848361237,0.008270404848361237,-0.11109017315105224,0.8948580531203937,1e-12,0
20,1.0,0.0,1.0,1.0,0.0,100,20260317,SeedSequence(master_seed).spawn; child converted to uint64 seed,12909911601348226813;15322910956906602286;11680150156456424845;16623501039096632292;5002573868807754849;13618125472129767517;5534721897079054152;12937115251684359767;1087556771892259503;11556866012473061017;8856944920668665599;13436349174832679604;2896730289725512388;2679017223531647944;8256056442080719625;8415396355126177374;12156531538933337238;15080210019618745577;17356509926884360013;9683266176331267943;13640151606335195380;13653655215406326679;4222660184625718309;9607513648397919970;2590363786201867407;17164203357171295694;7225044564939401298;8997703371804096711;11752970631704146660;6906885835109870142;319788193695621248;324958208036586234;14746610963180765788;7719891509571420900;3855439707928143062;4642380852849057023;8911915440640552881;4351028262336241191;13269642483473062187;2157416816406536071;6075463218250915841;6958177594057414795;17076182578651277692;17431816700511157571;2093068783167465665;1517650137667413464;14197460801391866292;17998385937720587665;789987394540359669;5871111618063154886;15065719031667597767;15481557769955373086;10598995689151012836;17209820886766065988;11308267759911452346;4938384179673304137;14871968676008692706;12721451265154637978;7595819575821510139;6235917153684890548;15989601492897753996;13735355664554750399;3086612624127677190;10315083265945955597;12313296869217637112;2682921830216015867;17672878938413434408;6940527182537569160;1892744315863946147;17040120514416763718;9950856822912010118;5528916620073407299;10755078221461305237;15110020733200223267;7969312013779661336;3657252524205873345;1542648354427755615;11572611332918334861;7323572685651168426;8410814690858920057;9574941230488994441;11937652399613439813;14274320528292718711;1247361308123141475;3427642516662388430;9405008208652295591;445039776923272476;8997624099596298184;4714252562975901259;11317218601722298101;15872397748927308622;3388164957478758800;10694058428486508917;254365431767688226;7803921502786206660;14454341945878031061;6251190161714425306;443014766155160091;7997275913184522838;10795802488550594656,0.7606270477750148,0.8094980365579769,0.21413890824164203,0.021413890824164204,-0.337458557170631,0.7135815469320103,1e-12,0
20,1.0,0.0,1.0,1.0,0.5,100,20260317,SeedSequence(master_seed).spawn; child converted to uint64 seed,12909911601348226813;15322910956906602286;11680150156456424845;16623501039096632292;5002573868807754849;13618125472129767517;5534721897079054152;12937115251684359767;1087556771892259503;11556866012473061017;8856944920668665599;13436349174832679604;2896730289725512388;2679017223531647944;8256056442080719625;8415396355126177374;12156531538933337238;15080210019618745577;17356509926884360013;9683266176331267943;13640151606335195380;13653655215406326679;4222660184625718309;9607513648397919970;2590363786201867407;17164203357171295694;7225044564939401298;8997703371804096711;11752970631704146660;6906885835109870142;319788193695621248;324958208036586234;14746610963180765788;7719891509571420900;3855439707928143062;4642380852849057023;8911915440640552881;4351028262336241191;13269642483473062187;2157416816406536071;6075463218250915841;6958177594057414795;17076182578651277692;17431816700511157571;2093068783167465665;1517650137667413464;14197460801391866292;17998385937720587665;789987394540359669;5871111618063154886;15065719031667597767;15481557769955373086;10598995689151012836;17209820886766065988;11308267759911452346;4938384179673304137;14871968676008692706;12721451265154637978;7595819575821510139;6235917153684890548;15989601492897753996;13735355664554750399;3086612624127677190;10315083265945955597;12313296869217637112;2682921830216015867;17672878938413434408;6940527182537569160;1892744315863946147;17040120514416763718;9950856822912010118;5528916620073407299;10755078221461305237;15110020733200223267;7969312013779661336;3657252524205873345;1542648354427755615;11572611332918334861;7323572685651168426;8410814690858920057;9574941230488994441;11937652399613439813;14274320528292718711;1247361308123141475;3427642516662388430;9405008208652295591;445039776923272476;8997624099596298184;4714252562975901259;11317218601722298101;15872397748927308622;3388164957478758800;10694058428486508917;254365431767688226;7803921502786206660;14454341945878031061;6251190161714425306;443014766155160091;7997275913184522838;10795802488550594656,0.7028318472932986,0.7336264325488676,0.2017727761602196,0.02017727761602196,-0.40423928573903106,0.6674843826643085,1e-12,0
20,1.0,0.0,1.0,2.0,0.0,100,20260317,SeedSequence(master_seed).spawn; child converted to uint64 seed,3306235776620659426;3553376270462263603;1387291726541316667;10118176938889477166;10043570119937712303;4377982327185767427;3630848682396164358;9853111475318526280;1675608688797661045;3681054321337852882;8907058238636500651;16358715981116569015;323161867535172566;6518994727140199319;17563944831440270363;16097702509140731730;15229526419730179337;1315537245918745394;6496443563771596880;18433545060831048068;1635889820455907725;17287405122578152924;13036266145660694326;7613097663487159224;4194835904450688503;7341388512283889107;16152199158917676884;16289284502985203207;5252462529623416417;2570488748428893930;588770486688276570;5874403080955759650;17275590055812370409;4981310834867531984;6167868884432305522;14989487921717967395;17106114692618615479;1227122367556244074;13578615062772986233;14567537328139823542;7394279465113756706;9232116011916287897;9082003015524395247;10188130962757816708;4816051959140465997;7540338052545513715;3132811124305678576;12239864422325188777;12912338709427032067;13289322550990801689;7929740944980314143;2717335848922181631;15547440241694225073;3027470349607691706;5707699461086504698;8595155966582957195;3545361898435898481;6315460225449416601;6569962989964632859;8241094765360736551;15747472877425938361;8295508049194020410;6389431858494138529;4879576077239802892;10041272960418125035;4842236114006537949;5817977711329630410;10954312604917752171;5787235252019668483;11843024650742758967;11700438793713484632;14198148245802538518;10583036541813558874;437314556743470932;11506159520074348042;4525446737160946623;17223381079411378687;11860045364553261869;966352966820608740;10283570224315032518;9362797782960484258;14947649980441596821;10165694334475295605;5688437011412490995;13849132531103329678;9611757936528937353;10976386544016610511;16099279097359252742;649439396062602494;8497139228976539137;12798217314283463248;13204145562474651501;936325450459331996;7142128310387049359;16188371467470029309;5983642130496190121;2729052017403797804;1266250700579047326;14770209861196475077;12799954583784107116,0.314394779587655,0.252927814050539,0.24311481116017616,0.024311481116017615,-1.572281482733378,0.207571071908763,1e-12,0
20,1.0,0.0,1.0,2.0,0.5,100,20260317,SeedSequence(master_seed).spawn; child converted to uint64 seed,3306235776620659426;3553376270462263603;1387291726541316667;10118176938889477166;10043570119937712303;4377982327185767427;3630848682396164358;9853111475318526280;1675608688797661045;3681054321337852882;8907058238636500651;16358715981116569015;323161867535172566;6518994727140199319;17563944831440270363;16097702509140731730;15229526419730179337;1315537245918745394;6496443563771596880;18433545060831048068;1635889820455907725;17287405122578152924;13036266145660694326;7613097663487159224;4194835904450688503;7341388512283889107;16152199158917676884;16289284502985203207;5252462529623416417;2570488748428893930;588770486688276570;5874403080955759650;17275590055812370409;4981310834867531984;6167868884432305522;14989487921717967395;17106114692618615479;1227122367556244074;13578615062772986233;14567537328139823542;7394279465113756706;9232116011916287897;9082003015524395247;10188130962757816708;4816051959140465997;7540338052545513715;3132811124305678576;12239864422325188777;12912338709427032067;13289322550990801689;7929740944980314143;2717335848922181631;15547440241694225073;3027470349607691706;5707699461086504698;8595155966582957195;3545361898435898481;6315460225449416601;6569962989964632859;8241094765360736551;15747472877425938361;8295508049194020410;6389431858494138529;4879576077239802892;10041272960418125035;4842236114006537949;5817977711329630410;10954312604917752171;5787235252019668483;11843024650742758967;11700438793713484632;14198148245802538518;10583036541813558874;437314556743470932;11506159520074348042;4525446737160946623;17223381079411378687;11860045364553261869;966352966820608740;10283570224315032518;9362797782960484258;14947649980441596821;10165694334475295605;5688437011412490995;13849132531103329678;9611757936528937353;10976386544016610511;16099279097359252742;649439396062602494;8497139228976539137;12798217314283463248;13204145562474651501;936325450459331996;7142128310387049359;16188371467470029309;5983642130496190121;2729052017403797804;1266250700579047326;14770209861196475077;12799954583784107116,0.3063104825194501,0.22965370129152748,0.2610794647065079,0.02610794647065079,-1.7287995775932048,0.17749735393376267,1e-12,0
40,1.0,0.0,1.0,0.5,0.0,100,20260317,SeedSequence(master_seed).spawn; child converted to uint64 seed,3638554210492672706;11244790362216905896;14898130486150185246;8284660737259099111;11905001943142717337;12631474699416378589;12668246769756762548;3962581516791835980;8267667460803828764;12705176705366825177;4521006943110613679;13557549679525807333;7990563178683508673;2675669325902671964;15072594530130267520;5591447887424932308;1815791529419449202;16630794390106861240;4823314080838055812;13901787232287737602;14793489552038888705;1500754700477439104;14059002765476383826;9130568804199452392;14549753781712940027;14947894784382080761;1590303552749658544;18401807845844936309;3397862297426902137;3775410052478369909;12592189694001756715;8751350212794752727;16544309096711847598;4313938341224897583;14174707024655825726;5003838542497236365;16788497616985302468;16967749648837301811;5119077358707820012;15489801979093881568;17894051937695057163;14386931119001733673;15414049299631344062;6490456964175191522;3545200205204310814;401697834208129565;18316944432568771862;2179444701310537592;16271592895764708850;13382349731123737;9172053580849121545;11575999153955704580;14666304935710019212;2224561179360221221;13394217110930608416;17015098892484258141;17908077117621826841;10952634000282920400;12646705246063172418;6887136494386141010;5770966183941750869;11716086379703397961;1648191574084169374;6167688212117741855;12992503941922583820;9098973735597680117;1151854295305734460;11096928489339645468;9359811206617528925;1019819907203632723;5765617214668118415;4691722028433401430;9403890993903939644;5175687946797139536;4504256884880962414;8771662174633799973;7500757640609899952;14011352564951657078;3563808164117451931;1615215751718979949;2354110677411904565;16205882396584411773;10494767273503506210;18379104419893666362;15274782398519448133;9148667792762267843;10605288306313023923;3512665710980847876;2226308330210450493;1789166545127773348;15866572495643035738;8077194194387551897;11016214907352940612;13041855878743683808;18347925912834708068;1107516947088149619;2334319541873547170;7845765072613652373;6104921303245319509;17907622507842085427,0.82702099890758,0.8681626859713272,0.15437912809621776,0.015437912809621776,-0.21091308837855102,0.8098444487168917,1e-12,0
40,1.0,0.0,1.0,0.5,0.5,100,20260317,SeedSequence(master_seed).spawn; child converted to uint64 seed,3638554210492672706;11244790362216905896;14898130486150185246;8284660737259099111;11905001943142717337;12631474699416378589;12668246769756762548;3962581516791835980;8267667460803828764;12705176705366825177;4521006943110613679;13557549679525807333;7990563178683508673;2675669325902671964;15072594530130267520;5591447887424932308;1815791529419449202;16630794390106861240;4823314080838055812;13901787232287737602;14793489552038888705;1500754700477439104;14059002765476383826;9130568804199452392;14549753781712940027;14947894784382080761;1590303552749658544;18401807845844936309;3397862297426902137;3775410052478369909;12592189694001756715;8751350212794752727;16544309096711847598;4313938341224897583;14174707024655825726;5003838542497236365;16788497616985302468;16967749648837301811;5119077358707820012;15489801979093881568;17894051937695057163;14386931119001733673;15414049299631344062;6490456964175191522;3545200205204310814;401697834208129565;18316944432568771862;2179444701310537592;16271592895764708850;13382349731123737;9172053580849121545;11575999153955704580;14666304935710019212;2224561179360221221;13394217110930608416;17015098892484258141;17908077117621826841;10952634000282920400;12646705246063172418;6887136494386141010;5770966183941750869;11716086379703397961;1648191574084169374;6167688212117741855;12992503941922583820;9098973735597680117;1151854295305734460;11096928489339645468;9359811206617528925;1019819907203632723;5765617214668118415;4691722028433401430;9403890993903939644;5175687946797139536;4504256884880962414;8771662174633799973;7500757640609899952;14011352564951657078;3563808164117451931;1615215751718979949;2354110677411904565;16205882396584411773;10494767273503506210;18379104419893666362;15274782398519448133;9148667792762267843;10605288306313023923;3512665710980847876;2226308330210450493;1789166545127773348;15866572495643035738;8077194194387551897;11016214907352940612;13041855878743683808;18347925912834708068;1107516947088149619;2334319541873547170;7845765072613652373;6104921303245319509;17907622507842085427,0.7974922707786744,0.8272140957272223,0.16000755183540877,0.016000755183540875,-0.25008047427018765,0.7787381121684971,1e-12,0
40,1.0,0.0,1.0,1.0,0.0,100,20260317,SeedSequence(master_seed).spawn; child converted to uint64 seed,1490938254122999291;11865048635840354504;13353213914126459359;3656635485292322174;12227778774078919847;15089284063307988909;2262399596287396737;6469523362769674794;11877970452637581460;8812034079588192730;8245752873311744978;5976532424857648777;8866900403867574357;11739094069968082976;9733745070911865585;4173857343180764791;18399408008341999550;4666825694774104034;9209353882239774371;14052777558569289090;14903533534395878904;3456569603265955207;11616776859436631128;8014207297065008126;7751868223631362316;11153464621008308022;18187073669710656202;13798714225131926235;4758515247658325584;10757545418148689416;9370303582300925350;14111257816940988841;15084229598184838217;15422190556922170026;13927685714837622149;12716394421862303297;16949396308820471682;5320761654524054452;14283304108835198773;14678882672747843217;5399447996442810515;6031946893467559263;11168023021466013942;9126007343197589165;13358060190740962575;3116679089777439142;2551410475562440174;17207023300065824971;15420320284050071291;13785642262243721716;3581521987737331435;6051690059417090376;3634639382077043827;243854765126043409;4485669830275715051;10806353205000718261;12004083938209935724;5180884194676542725;3315305470298990195;6604628013111443296;7033276269766647701;17809230451112663892;17369273720210172615;13857007510409406500;6798595667010006036;4146135835773609189;17420306702504519619;2639638117049732235;8393014725258591217;12702501182786943893;1579699775047651228;9133942389971406045;8875866445483148400;6929449090513634901;6080564638708198415;5851038816792879749;8435543491334152142;17884680385723875414;3688610730156339743;14676588425667205941;15400352941909975706;2370627342824064055;2252779666363932788;8760523869012442457;296014492629485207;2516169715043962113;11126797925150754497;6995680536378391672;6997914779263178421;360377020208843629;16968724516471806777;197125093501829835;2729236077036491535;16921506717595550304;1295368004714857440;16272643583540706749;388465579051174872;9402324264213212422;14206895261314356372;4636048941130284576,0.5602741797482327,0.6042567643068179,0.2793094774764337,0.02793094774764337,-0.7697514865273394,0.46312814759550536,1e-12,0
40,1.0,0.0,1.0,1.0,0.5,100,20260317,SeedSequence(master_seed).spawn; child converted to uint64 seed,1490938254122999291;11865048635840354504;13353213914126459359;3656635485292322174;12227778774078919847;15089284063307988909;2262399596287396737;6469523362769674794;11877970452637581460;8812034079588192730;8245752873311744978;5976532424857648777;8866900403867574357;11739094069968082976;9733745070911865585;4173857343180764791;18399408008341999550;4666825694774104034;9209353882239774371;14052777558569289090;14903533534395878904;3456569603265955207;11616776859436631128;8014207297065008126;7751868223631362316;11153464621008308022;18187073669710656202;13798714225131926235;4758515247658325584;10757545418148689416;9370303582300925350;14111257816940988841;15084229598184838217;15422190556922170026;13927685714837622149;12716394421862303297;16949396308820471682;5320761654524054452;14283304108835198773;14678882672747843217;5399447996442810515;6031946893467559263;11168023021466013942;9126007343197589165;13358060190740962575;3116679089777439142;2551410475562440174;17207023300065824971;15420320284050071291;13785642262243721716;3581521987737331435;6051690059417090376;3634639382077043827;243854765126043409;4485669830275715051;10806353205000718261;12004083938209935724;5180884194676542725;3315305470298990195;6604628013111443296;7033276269766647701;17809230451112663892;17369273720210172615;13857007510409406500;6798595667010006036;4146135835773609189;17420306702504519619;2639638117049732235;8393014725258591217;12702501182786943893;1579699775047651228;9133942389971406045;8875866445483148400;6929449090513634901;6080564638708198415;5851038816792879749;8435543491334152142;17884680385723875414;3688610730156339743;14676588425667205941;15400352941909975706;2370627342824064055;2252779666363932788;8760523869012442457;296014492629485207;2516169715043962113;11126797925150754497;6995680536378391672;6997914779263178421;360377020208843629;16968724516471806777;197125093501829835;2729236077036491535;16921506717595550304;1295368004714857440;16272643583540706749;388465579051174872;9402324264213212422;14206895261314356372;4636048941130284576,0.5092082207485997,0.4634487675368816,0.27418282261442845,0.027418282261442845,-0.8718856555967562,0.4181622952784749,1e-12,0
40,1.0,0.0,1.0,2.0,0.0,100,20260317,SeedSequence(master_seed).spawn; child converted to uint64 seed,1429137780557221702;9919192279199983477;10865983493688545618;11547365596518783625;11229227164714185881;5179645592427631453;594575939845888096;8257542620675795880;6472791287210018102;1572547711598602669;12128777817944067028;17498722714885806091;6504812738888894423;4528439594932853848;3383205032833807221;2362385756600106891;16354552824409868298;961583231805319243;13321661976705768151;2643670815266668461;7360810973568540441;10213725476797611238;17151571648066558878;9885677093082429844;6726586800778300193;10860963499000679933;16010912556208664296;1561662870066987083;6767324801686495893;7722674774441225671;11332410164754963626;10639223157141608848;17608275553520736601;11461405786546673307;3688716593652975510;8622720840729197342;11932695164258862391;2560288667270716295;15410957939824232203;5293185787484147219;5147373839793697357;9082663747020995734;13965807013954325072;16577337005684709808;11861715446342700549;121002128293388843;11103263673652910804;9221483482354004135;720244158193224856;17354433895756982740;17054208905097647985;14873395587406799079;12304062544909132053;16682769114500343354;7058082033759463609;10470658648294233396;8411785021456377028;6095943554935118540;9830169055663318757;6584986854310352261;652021296094674589;4308771846371864516;10626951265097088696;15761291645407141496;8989581781604096677;10695139641582419621;450047268724658775;14604415279230591970;11965806826488146913;10799613987960697514;3284621098842691593;11121030073684877470;15666596792767839823;9367827065933291414;4917990549060598715;906557791505362709;16568392746420834876;15416560358292269995;15131499054913757155;16530215223483536732;11725054570093930718;16231489943212833336;7284706954461406890;12585495538866593891;11972494886487043264;16639927779050328032;5722445793093900031;908094626734676194;459469868060506149;17001165962660457323;16596695649037511024;15569179440569613394;854529107676325097;1240525804672911857;15239994014885953416;17773882642356192734;8144054279656737141;3777239313120842821;3840891754856336650;8789361578487662667,0.18312115892121714,0.06735723159673797,0.22195396721244706,0.022195396721244706,-2.857606071739892,0.0574060218006697,1e-12,0
40,1.0,0.0,1.0,2.0,0.5,100,20260317,SeedSequence(master_seed).spawn; child converted to uint64 seed,1429137780557221702;9919192279199983477;10865983493688545618;11547365596518783625;11229227164714185881;5179645592427631453;594575939845888096;8257542620675795880;6472791287210018102;1572547711598602669;12128777817944067028;17498722714885806091;6504812738888894423;4528439594932853848;3383205032833807221;2362385756600106891;16354552824409868298;961583231805319243;13321661976705768151;2643670815266668461;7360810973568540441;10213725476797611238;17151571648066558878;9885677093082429844;6726586800778300193;10860963499000679933;16010912556208664296;1561662870066987083;6767324801686495893;7722674774441225671;11332410164754963626;10639223157141608848;17608275553520736601;11461405786546673307;3688716593652975510;8622720840729197342;11932695164258862391;2560288667270716295;15410957939824232203;5293185787484147219;5147373839793697357;9082663747020995734;13965807013954325072;16577337005684709808;11861715446342700549;121002128293388843;11103263673652910804;9221483482354004135;720244158193224856;17354433895756982740;17054208905097647985;14873395587406799079;12304062544909132053;16682769114500343354;7058082033759463609;10470658648294233396;8411785021456377028;6095943554935118540;9830169055663318757;6584986854310352261;652021296094674589;4308771846371864516;10626951265097088696;15761291645407141496;8989581781604096677;10695139641582419621;450047268724658775;14604415279230591970;11965806826488146913;10799613987960697514;3284621098842691593;11121030073684877470;15666596792767839823;9367827065933291414;4917990549060598715;906557791505362709;16568392746420834876;15416560358292269995;15131499054913757155;16530215223483536732;11725054570093930718;16231489943212833336;7284706954461406890;12585495538866593891;11972494886487043264;16639927779050328032;5722445793093900031;908094626734676194;459469868060506149;17001165962660457323;16596695649037511024;15569179440569613394;854529107676325097;1240525804672911857;15239994014885953416;17773882642356192734;8144054279656737141;3777239313120842821;3840891754856336650;8789361578487662667,0.1386414634970561,0.026784321359247992,0.23727589154040432,0.023727589154040434,-3.7525766348682943,0.023457227212718246,1e-12,0
80,1.0,0.0,1.0,0.5,0.0,100,20260317,SeedSequence(master_seed).spawn; child converted to uint64 seed,17373388873954397145;3931682792866467343;15480616716909601950;3345348312474758194;8849149411698775775;18348879594528809532;17371063076486857320;16636510417090592594;6912598613068568951;14967354122216055323;14276373908839807699;746907179600005206;1104554585424675678;1152491738695825578;9315861747168979397;7853460711042745331;17115344869513552439;10157181942108700552;16656569398877461318;4138670824462985267;9503927150910792705;8236041087895974589;3965950005773391820;4029185136394273343;5959117542293886686;1753473856633540336;1845278063725346486;16292253739554027901;4391511648953268199;8189119030823345410;4335288658965389872;12685970754275379835;11451566010626464048;947497836519402780;8431513992424166081;12074553166999271289;6051776771340521766;4566326807802872059;10452850278192308044;17473398532924001260;7900047629475889345;7002133249004675745;8669968822328994545;12821816593708591501;15688798974434272616;18429328070658899679;10946133802226858482;1321238140550470966;8313979844258092263;6587776451057730551;981083870026007912;9382311450252642972;4410469733513831223;11342327286232221271;9437090361999850212;10533119430575250001;1797365966064519666;17163010856815162288;7958810946492752491;640146482212479333;910902531299566679;13776497413262073772;18409166727079093702;8871220970773612196;3072543004767345746;1946688057641633991;2994871184021194237;1147904354417374361;14924452762223952975;2623028174120229721;14019688609722400137;14030614672934974964;10127882412239061699;13139078628039022946;5655806768651174572;14193122730009582005;268004161554825534;4956162801406986771;4972007358244668888;4417028299494601809;1927542489615345649;11107510430881024706;7133897998106430532;18374245042128822805;5011725024008262529;10587478733007592538;3995236090641998943;3595476064575916054;5483170001364856718;2309767342048328572;17061078871409727777;12382812154107093364;5033393743623374882;9893284485850754878;3176079221653967835;15261979378458141452;10127223766880789877;3123477824475586521;2986617037095790611;2210428527420625950,0.7452117920009869,0.7698698728567221,0.20021192473280439,0.02002119247328044,-0.34056445785409684,0.711368671781803,1e-12,0
80,1.0,0.0,1.0,0.5,0.5,100,20260317,SeedSequence(master_seed).spawn; child converted to uint64 seed,17373388873954397145;3931682792866467343;15480616716909601950;3345348312474758194;8849149411698775775;18348879594528809532;17371063076486857320;16636510417090592594;6912598613068568951;14967354122216055323;14276373908839807699;746907179600005206;1104554585424675678;1152491738695825578;9315861747168979397;7853460711042745331;17115344869513552439;10157181942108700552;16656569398877461318;4138670824462985267;9503927150910792705;8236041087895974589;3965950005773391820;4029185136394273343;5959117542293886686;1753473856633540336;1845278063725346486;16292253739554027901;4391511648953268199;8189119030823345410;4335288658965389872;12685970754275379835;11451566010626464048;947497836519402780;8431513992424166081;12074553166999271289;6051776771340521766;4566326807802872059;10452850278192308044;17473398532924001260;7900047629475889345;7002133249004675745;8669968822328994545;12821816593708591501;15688798974434272616;18429328070658899679;10946133802226858482;1321238140550470966;8313979844258092263;6587776451057730551;981083870026007912;9382311450252642972;4410469733513831223;11342327286232221271;9437090361999850212;10533119430575250001;1797365966064519666;17163010856815162288;7958810946492752491;640146482212479333;910902531299566679;13776497413262073772;18409166727079093702;8871220970773612196;3072543004767345746;1946688057641633991;2994871184021194237;1147904354417374361;14924452762223952975;2623028174120229721;14019688609722400137;14030614672934974964;10127882412239061699;13139078628039022946;5655806768651174572;14193122730009582005;268004161554825534;4956162801406986771;4972007358244668888;4417028299494601809;1927542489615345649;11107510430881024706;7133897998106430532;18374245042128822805;5011725024008262529;10587478733007592538;3995236090641998943;3595476064575916054;5483170001364856718;2309767342048328572;17061078871409727777;12382812154107093364;5033393743623374882;9893284485850754878;3176079221653967835;15261979378458141452;10127223766880789877;3123477824475586521;2986617037095790611;2210428527420625950,0.7079935115144016,0.7425246602887728,0.20328659741723665,0.020328659741723664,-0.40263079009497077,0.6685588923266886,1e-12,0
80,1.0,0.0,1.0,1.0,0.0,100,20260317,SeedSequence(master_seed).spawn; child converted to uint64 seed,13549339221304233035;3836279617440853774;9844661939504775845;6827484290135477921;1680214494983551928;9819013141396562928;4914687090862145542;10804922102217799632;15697234073858365923;15222835498297194406;10891349557544496365;13085541237346330075;16552001785757413174;14742200869173344276;6312960899085075219;11135976602465414638;2976067079696788211;15535368705534756177;6151598064819094895;5981344082254520490;10071837394906352913;6262528833114668186;1019851689080077669;4355284214703536264;5799912622117175063;10948783335790426464;3618223997551920180;5755064850391600721;4724531846385855913;12750134504777070457;18184103844768165643;6770046946029270588;8025384737009212841;8332121249783813431;4820420834539591901;973075352608022859;14581358993568360691;824242266877749991;17555762551501417933;4910270372109441879;11214552256316973592;15333333700664179819;7293730186914559014;2320174758618192412;4450475291001367676;8605676619671141659;17866232627266978907;14506926136160455696;8570220890675077049;6303196018174568378;4482140103772678118;1356269050505187784;7775346237095272941;7859453953235577791;7475141615353868314;14973213755440857077;4751449316951013769;8513054778916819764;5600343607041191971;15413629742860172591;11100338911493727277;4161044854118846846;18129663302015512024;13871094799379148087;199125597280465690;10666681107358809044;13277319597926855510;16853668468931548653;3618202911138541380;16664110603005958065;18236985531086956024;18159295421621557381;4788881608130191011;5736914299470888112;13272393718115839084;1964167896952092742;2576739125195441170;10791665715655335866;1742219191028689464;14297977212862167488;1067396071546340810;3591918198360055558;15571293110652480697;6363331687579067016;17033288228681394188;9262694954389642475;12965339446021139104;10475072890746814281;2839084520319554389;1605228974841957653;12958721443113470018;4109191368030102745;4333390997943985811;6636513028475125259;14509457277881962009;4247109180190925587;7013108713772265872;11660681509876159579;10666148063709375043;2244585090965512641,0.363288762474413,0.2673598027356111,0.2811690827800335,0.02811690827800335,-1.4562221003019187,0.23311529947010276,1e-12,0
80,1.0,0.0,1.0,1.0,0.5,100,20260317,SeedSequence(master_seed).spawn; child converted to uint64 seed,13549339221304233035;3836279617440853774;9844661939504775845;6827484290135477921;1680214494983551928;9819013141396562928;4914687090862145542;10804922102217799632;15697234073858365923;15222835498297194406;10891349557544496365;13085541237346330075;16552001785757413174;14742200869173344276;6312960899085075219;11135976602465414638;2976067079696788211;15535368705534756177;6151598064819094895;5981344082254520490;10071837394906352913;6262528833114668186;1019851689080077669;4355284214703536264;5799912622117175063;10948783335790426464;3618223997551920180;5755064850391600721;4724531846385855913;12750134504777070457;18184103844768165643;6770046946029270588;8025384737009212841;8332121249783813431;4820420834539591901;973075352608022859;14581358993568360691;824242266877749991;17555762551501417933;4910270372109441879;11214552256316973592;15333333700664179819;7293730186914559014;2320174758618192412;4450475291001367676;8605676619671141659;17866232627266978907;14506926136160455696;8570220890675077049;6303196018174568378;4482140103772678118;1356269050505187784;7775346237095272941;7859453953235577791;7475141615353868314;14973213755440857077;4751449316951013769;8513054778916819764;5600343607041191971;15413629742860172591;11100338911493727277;4161044854118846846;18129663302015512024;13871094799379148087;199125597280465690;10666681107358809044;13277319597926855510;16853668468931548653;3618202911138541380;16664110603005958065;18236985531086956024;18159295421621557381;4788881608130191011;5736914299470888112;13272393718115839084;1964167896952092742;2576739125195441170;10791665715655335866;1742219191028689464;14297977212862167488;1067396071546340810;3591918198360055558;15571293110652480697;6363331687579067016;17033288228681394188;9262694954389642475;12965339446021139104;10475072890746814281;2839084520319554389;1605228974841957653;12958721443113470018;4109191368030102745;4333390997943985811;6636513028475125259;14509457277881962009;4247109180190925587;7013108713772265872;11660681509876159579;10666148063709375043;2244585090965512641,0.32445376868450126,0.2365854895935492,0.2885135700481153,0.028851357004811527,-1.7452084714532772,0.17460858426695555,1e-12,0
80,1.0,0.0,1.0,2.0,0.0,100,20260317,SeedSequence(master_seed).spawn; child converted to uint64 seed,8601279085509588580;14481061411223855942;13236404040389097534;13336591911930659378;5721385601845866359;17144412376574090377;9939442871295344771;436578465652020406;7008040348521078309;1365204950376879266;5066318053254239294;16181889206021780663;13628332601134648788;16232765170988359096;9957398641584834011;2565486544196396872;13280064239582698792;4313744838558116322;12395357233900889418;14202488661089198911;9449251089784827970;5846317303402638847;7280664800230622549;1760893175965876165;14084784726601856913;1014831162052475024;1219627113165072997;115848763164754269;10590148353826635290;7484030195672628373;9964087124212736114;17711337202110567568;10256708250639775727;15800475468928772342;8144544772585018265;16335177665788523187;13045081503552452770;16055339318518456166;13680028726350828428;12638290312456228851;11396742465578405984;6967554743572825086;16079557105968065116;17334027059695773730;12303841834386410740;6410482010036722533;13272416148611622073;15936317250612842815;13974867772676103812;18057483607524081448;3466609132076997129;11756911312616544097;15247501161044313996;9817081867605764891;13389346388285719959;1816240031756602982;5487626249834424928;6193092130406593797;11397475200011150932;15271129642660884246;14877437038652418434;601601961772245974;11346850151462711680;17956844447710555539;4892673140874205405;4087289902109948878;8743606219032768320;1847471129702991330;17655393581170646323;4425303147644943755;12557222810406858427;4513877720611159098;16889446390117953044;9351480986148855367;13894632628178420470;16445175734010649290;10924799524661877872;6058732200873831135;5170083990624431825;1551707246787715399;787079613209256378;7600718791902802530;1780536338772265570;8994242512677661438;905683375212871945;10290827144498768397;7392543054133647242;11327820086776152939;7404817241125855174;8687677000341331073;12426463607842332539;12236593717552635882;5000638130195509943;10976665555495571194;15921120091513191247;16391812507951669723;9354118671248007218;2766804648437604107;5474647518720446698;12683328575784361902,0.040952772614900636,0.002791842042208395,0.12156327265011069,0.012156327265011068,-6.369522353940365,0.001712977227015115,1e-12,0
80,1.0,0.0,1.0,2.0,0.5,100,20260317,SeedSequence(master_seed).spawn; child converted to uint64 seed,8601279085509588580;14481061411223855942;13236404040389097534;13336591911930659378;5721385601845866359;17144412376574090377;9939442871295344771;436578465652020406;7008040348521078309;1365204950376879266;5066318053254239294;16181889206021780663;13628332601134648788;16232765170988359096;9957398641584834011;2565486544196396872;13280064239582698792;4313744838558116322;12395357233900889418;14202488661089198911;9449251089784827970;5846317303402638847;7280664800230622549;1760893175965876165;14084784726601856913;1014831162052475024;1219627113165072997;115848763164754269;10590148353826635290;7484030195672628373;9964087124212736114;17711337202110567568;10256708250639775727;15800475468928772342;8144544772585018265;16335177665788523187;13045081503552452770;16055339318518456166;13680028726350828428;12638290312456228851;11396742465578405984;6967554743572825086;16079557105968065116;17334027059695773730;12303841834386410740;6410482010036722533;13272416148611622073;15936317250612842815;13974867772676103812;18057483607524081448;3466609132076997129;11756911312616544097;15247501161044313996;9817081867605764891;13389346388285719959;1816240031756602982;5487626249834424928;6193092130406593797;11397475200011150932;15271129642660884246;14877437038652418434;601601961772245974;11346850151462711680;17956844447710555539;4892673140874205405;4087289902109948878;8743606219032768320;1847471129702991330;17655393581170646323;4425303147644943755;12557222810406858427;4513877720611159098;16889446390117953044;9351480986148855367;13894632628178420470;16445175734010649290;10924799524661877872;6058732200873831135;5170083990624431825;1551707246787715399;787079613209256378;7600718791902802530;1780536338772265570;8994242512677661438;905683375212871945;10290827144498768397;7392543054133647242;11327820086776152939;7404817241125855174;8687677000341331073;12426463607842332539;12236593717552635882;5000638130195509943;10976665555495571194;15921120091513191247;16391812507951669723;9354118671248007218;2766804648437604107;5474647518720446698;12683328575784361902,0.026941280762929436,0.0009062530348300664,0.09560079331457678,0.009560079331457678,-7.069997214507826,0.0008502354774876902,1e-12,0
