energy,clean_transmission,barrier_transmission
-2.2,0.0,0.0
-2.1900452488687785,0.0,0.0
-2.180090497737557,0.0,0.0
-2.170135746606335,0.0,0.0
-2.1601809954751134,0.0,0.0
-2.1502262443438918,0.0,0.0
-2.14027149321267,0.0,0.0
-2.130316742081448,0.0,0.0
-2.1203619909502263,0.0,0.0
-2.1104072398190046,0.0,0.0
-2.100452488687783,0.0,0.0
-2.090497737556561,0.0,0.0
-2.0805429864253395,0.0,0.0
-2.070588235294118,0.0,0.0
-2.060633484162896,0.0,0.0
-2.0506787330316745,0.0,0.0
-2.040723981900453,0.0,0.0
-2.030769230769231,0.0,0.0
-2.020814479638009,0.0,0.0
-2.0108597285067873,0.0,0.0
-2.0009049773755656,0.0,0.0
-1.990950226244344,0.9999999999999999,0.01579848866498733
-1.9809954751131222,1.0000000000000009,0.03253142227646517
-1.9710407239819006,1.0000000000000002,0.04862517508392624
-1.9610859728506789,0.9999999999999996,0.06411510611971347
-1.9511312217194572,1.0,0.07903400866942359
-1.9411764705882355,0.9999999999999994,0.09341233879400433
-1.9312217194570138,0.9999999999999998,0.10727841985422809
-1.9212669683257921,1.0000000000000002,0.12065862592700399
-1.9113122171945702,1.0000000000000002,0.1335775466121242
-1.9013574660633485,0.9999999999999997,0.14605813539561976
-1.8914027149321269,0.9999999999999994,0.1581218434524798
-1.8814479638009052,1.0,0.16978874052905002
-1.8714932126696833,0.9999999999999996,0.18107762433761512
-1.8615384615384616,1.0,0.192006119716963
-1.85158371040724,1.0,0.20259076865875053
-1.8416289592760182,1.0000000000000007,0.21284711216645252
-1.8316742081447965,0.9999999999999993,0.22278976479846485
-1.8217194570135748,1.0000000000000009,0.23243248264696606
-1.8117647058823532,0.999999999999999,0.24178822541714706
-1.8018099547511315,1.0000000000000009,0.25086921319563893
-1.7918552036199096,0.9999999999999997,0.25968697843071503
-1.781900452488688,1.0,0.26825241358893154
-1.7719457013574662,1.0000000000000009,0.27657581490199623
-1.7619909502262445,0.9999999999999992,0.284666922573045
-1.7520361990950226,0.9999999999999993,0.29253495777217375
-1.742081447963801,0.9999999999999998,0.30018865671641803
-1.7321266968325792,1.0000000000000009,0.307636302098766
-1.7221719457013576,1.0,0.3148857521036958
-1.7122171945701359,1.0000000000000002,0.3219444672227113
-1.7022624434389142,0.9999999999999996,0.32881953506206324
-1.6923076923076925,1.0000000000000004,0.3355176933158581
-1.6823529411764708,1.0000000000000007,0.34204535106092343
-1.6723981900452491,0.9999999999999998,0.34840860851472427
-1.6624434389140272,1.0000000000000007,0.3546132753842064
-1.6524886877828056,0.999999999999999,0.3606648879214215
-1.6425339366515839,0.9999999999999999,0.3665687247910144
-1.632579185520362,0.9999999999999998,0.37232982184504543
-1.6226244343891403,1.0,0.377952985891896
-1.6126696832579186,0.9999999999999997,0.3834428075382828
-1.602714932126697,0.999999999999999,0.38880367317633874
-1.5927601809954752,0.9999999999999993,0.3940397761814374
-1.5828054298642535,1.0000000000000004,0.39915512738071507
-1.5728506787330319,0.9999999999999991,0.4041535648471136
-1.5628959276018102,1.0000000000000004,0.409038763069083
-1.5529411764705885,0.9999999999999993,0.4138142415418872
-1.5429864253393666,0.9999999999999996,0.41848337282263154
-1.533031674208145,1.0000000000000007,0.4230493900876465
-1.5230769230769232,0.9999999999999993,0.4275153942277293
-1.5131221719457013,0.9999999999999999,0.43188436051387125
-1.5031674208144796,0.9999999999999992,0.4361591448634966
-1.493212669683258,0.9999999999999999,0.4403424897348574
-1.4832579185520363,1.0000000000000009,0.44443702967507
-1.4733031674208146,1.0,0.4484452965453024
-1.463348416289593,1.0000000000000007,0.4523697244448052
-1.4533936651583712,1.0,0.45621265435383906
-1.4434389140271495,1.0000000000000009,0.45997633851404407
-1.4334841628959278,0.999999999999999,0.46366294456338636
-1.423529411764706,1.0000000000000007,0.46727455944159046
-1.4135746606334842,0.9999999999999993,0.4708131930807531
-1.4036199095022626,1.000000000000001,0.4742807818948097
-1.3936651583710407,0.9999999999999992,0.47767919208050624
-1.383710407239819,1.0000000000000004,0.48101022274165806
-1.3737556561085973,0.9999999999999997,0.48427560884760107
-1.3638009049773756,1.0000000000000004,0.48747702403603754
-1.353846153846154,0.9999999999999996,0.4906160832697021
-1.3438914027149322,1.0000000000000009,0.49369434535567686
-1.3339366515837106,0.9999999999999998,0.49671331533555774
-1.3239819004524889,0.9999999999999999,0.49967444675411726
-1.3140271493212672,1.0000000000000002,0.5025791438136059
-1.3040723981900453,0.9999999999999993,0.5054287634203539
-1.2941176470588236,1.0000000000000013,0.5082246171298921
-1.284162895927602,0.9999999999999996,0.5109679729964084
-1.27420814479638,1.0000000000000004,0.5136600573319721
-1.2642533936651583,0.9999999999999996,0.5163020563806219
-1.2542986425339366,0.999999999999999,0.5188951179120626
-1.244343891402715,1.000000000000001,0.5214403527394467
-1.2343891402714933,1.0000000000000007,0.5239388361654042
-1.2244343891402716,0.9999999999999997,0.5263916093602481
-1.21447963800905,0.9999999999999999,0.5287996806760239
-1.2045248868778282,1.0000000000000004,0.5311640268998575
-1.1945701357466063,1.000000000000001,0.5334855944498276
-1.1846153846153846,1.0,0.5357653005164269
-1.174660633484163,1.0000000000000002,0.5380040341524438
-1.1647058823529413,1.0000000000000018,0.5402026573139775
-1.1547511312217196,0.9999999999999991,0.5423620058550974
-1.144796380090498,1.0000000000000007,0.5444828904785444
-1.134841628959276,1.000000000000001,0.546566097644697
-1.1248868778280543,0.9999999999999991,0.5486123904409325
-1.1149321266968326,1.0000000000000007,0.550622509413364
-1.104977375565611,1.0000000000000004,0.5525971733628267
-1.0950226244343892,0.999999999999999,0.5545370801068943
-1.0850678733031676,1.0,0.5564429072095863
-1.0751131221719457,1.0000000000000004,0.5583153126803515
-1.065158371040724,1.0000000000000002,0.560154935643808
-1.0552036199095023,1.0000000000000004,0.5619623969816564
-1.0452488687782806,1.0000000000000002,0.5637382999480934
-1.035294117647059,0.9999999999999987,0.5654832307599781
-1.0253393665158372,1.0,0.5671977591629499
-1.0153846153846153,1.0000000000000002,0.5688824389746152
-1.0054298642533936,1.000000000000001,0.5705378086058802
-0.995475113122172,0.9999999999999996,0.5721643915614281
-0.9855203619909503,0.9999999999999999,0.573762696920298
-0.9755656108597286,1.0000000000000004,0.5753332197974835
-0.9656108597285069,1.0000000000000007,0.5768764417873955
-0.955656108597285,0.9999999999999997,0.5783928313900119
-0.9457013574660633,0.9999999999999994,0.5798828444204869
-0.9357466063348416,1.0000000000000002,0.5813469244029518
-0.92579185520362,1.0000000000000004,0.582785502949201
-0.9158371040723983,0.9999999999999996,0.5841990001229332
-0.9058823529411766,1.0,0.5855878247901648
-0.8959276018099549,1.0000000000000004,0.5869523749564229
-0.885972850678733,0.9999999999999996,0.5882930380912745
-0.8760180995475113,0.9999999999999998,0.5896101914407412
-0.8660633484162896,1.0000000000000004,0.590904202328109
-0.8561085972850679,0.9999999999999987,0.5921754284436168
-0.8461538461538463,1.0000000000000009,0.5934242181234967
-0.8361990950226246,1.0,0.5946509106187962
-0.8262443438914027,0.9999999999999994,0.5958558363544232
-0.816289592760181,1.0000000000000004,0.5970393171787877
-0.8063348416289593,1.0000000000000002,0.5982016666044493
-0.7963800904977376,0.9999999999999993,0.5993431900401138
-0.7864253393665159,1.0,0.6004641850143438
-0.7764705882352942,0.9999999999999991,0.6015649413912906
-0.7665158371040723,1.0000000000000002,0.6026457415787954
-0.7565610859728507,1.0000000000000002,0.6037068607291277
-0.746606334841629,1.0000000000000004,0.604748566932674
-0.7366515837104073,1.0000000000000009,0.6057711214048338
-0.7266968325791856,0.9999999999999998,0.6067747786663961
-0.7167420814479639,1.0000000000000002,0.6077597867176385
-0.706787330316742,1.0000000000000007,0.6087263872063946
-0.6968325791855203,0.9999999999999997,0.6096748155903109
-0.6868778280542986,1.0000000000000002,0.6106053012935158
-0.676923076923077,0.9999999999999999,0.6115180678579091
-0.6669683257918553,1.0000000000000007,0.6124133330892672
-0.6570135746606336,1.000000000000001,0.6132913091983585
-0.6470588235294117,1.0000000000000007,0.6141522029372499
-0.63710407239819,1.0000000000000002,0.6149962157309767
-0.6271493212669683,1.0,0.6158235438047456
-0.6171945701357466,0.9999999999999994,0.6166343783068269
-0.607239819004525,0.9999999999999997,0.6174289054272912
-0.5972850678733033,1.0000000000000004,0.6182073065127348
-0.5873303167420814,1.0000000000000007,0.6189697581771335
-0.5773755656108597,0.9999999999999998,0.6197164324089649
-0.567420814479638,0.9999999999999998,0.6204474966747093
-0.5574660633484163,0.9999999999999986,0.6211631140188804
-0.5475113122171946,1.0,0.6218634431606737
-0.5375565610859729,0.9999999999999994,0.6225486385873653
-0.527601809954751,1.0000000000000002,0.6232188506445623
-0.5176470588235293,1.0000000000000004,0.6238742256234063
-0.5076923076923077,1.0,0.6245149058448286
-0.497737556561086,1.0,0.6251410297409656
-0.4877828054298643,0.9999999999999992,0.625752731933795
-0.4778280542986426,0.9999999999999999,0.626350143311116
-0.4678733031674207,0.9999999999999991,0.6269333910999308
-0.457918552036199,0.9999999999999998,0.6275025989373211
-0.44796380090497734,1.0,0.6280578869388848
-0.43800904977375565,1.000000000000001,0.6285993717648228
-0.42805429864253397,0.9999999999999997,0.6291271666837264
-0.4180995475113123,0.9999999999999994,0.6296413816341541
-0.4081447963800904,1.0000000000000004,0.6301421232840407
-0.3981900452488687,0.9999999999999986,0.6306294950880176
-0.388235294117647,1.0,0.6311035973426977
-0.3782805429864253,1.0000000000000004,0.6315645272399804
-0.36832579185520364,1.0000000000000007,0.6320123789184279
-0.35837104072398196,0.9999999999999987,0.6324472435127793
-0.34841628959276005,1.0,0.6328692092016349
-0.33846153846153837,1.0000000000000009,0.633278361253364
-0.3285067873303167,0.9999999999999989,0.6336747820702922
-0.318552036199095,1.0000000000000004,0.634058551231204
-0.3085972850678733,0.9999999999999991,0.6344297455321846
-0.29864253393665163,1.0000000000000004,0.6347884390258898
-0.2886877828054297,1.0000000000000004,0.635134703059218
-0.27873303167420804,1.0000000000000002,0.6354686063094788
-0.26877828054298636,0.9999999999999998,0.6357902148190548
-0.2588235294117647,1.0000000000000004,0.6360995920286088
-0.248868778280543,1.0,0.636396798808859
-0.2389140271493213,0.9999999999999987,0.6366818934909597
-0.22895927601809962,0.9999999999999992,0.636954931895507
-0.21900452488687772,0.9999999999999987,0.6372159673602072
-0.20904977375565603,1.0000000000000002,0.637465050766225
-0.19909502262443457,1.0,0.6377022305632413
-0.18914027149321244,0.9999999999999988,0.637927552793243
-0.17918552036199076,0.9999999999999992,0.638141061113065
-0.16923076923076907,0.9999999999999996,0.6383427968157048
-0.1592760180995474,1.0000000000000002,0.6385327988504333
-0.1493212669683257,0.9999999999999993,0.6387111038417183
-0.13936651583710402,1.0,0.6388777461069737
-0.12941176470588234,1.0000000000000013,0.6390327576731566
-0.11945701357466065,1.0000000000000002,0.6391761682922228
-0.10950226244343897,1.0000000000000004,0.6393080054554656
-0.09954751131221728,0.9999999999999997,0.639428294406725
-0.0895927601809956,0.9999999999999998,0.6395370581545141
-0.07963800904977392,1.0000000000000009,0.6396343174830442
-0.06968325791855179,1.0000000000000004,0.6397200909621757
-0.059728506787330105,1.0000000000000004,0.6397943949562942
-0.04977375565610842,1.0000000000000004,0.639857243632127
-0.039819004524886736,0.9999999999999991,0.6399086489655034
-0.029864253393665052,1.0,0.63994862074706
-0.019909502262443368,1.000000000000001,0.6399771665869091
-0.009954751131221684,1.0000000000000002,0.6399942919182585
0.0,1.0,0.64
0.009954751131221684,1.0000000000000002,0.6399942919182586
0.019909502262443368,1.000000000000001,0.6399771665869087
0.029864253393665052,1.0,0.6399486207470603
0.039819004524886736,0.9999999999999991,0.639908648965503
0.049773755656108865,1.0000000000000002,0.6398572436321271
0.05972850678733055,1.0000000000000009,0.639794394956294
0.06968325791855223,1.0000000000000007,0.6397200909621757
0.07963800904977392,1.0000000000000009,0.6396343174830447
0.0895927601809956,0.9999999999999998,0.6395370581545142
0.09954751131221728,0.9999999999999997,0.639428294406725
0.10950226244343897,1.0000000000000004,0.6393080054554658
0.11945701357466065,1.0000000000000002,0.6391761682922236
0.12941176470588234,1.0000000000000013,0.6390327576731566
0.13936651583710402,1.0,0.638877746106974
0.1493212669683257,0.9999999999999993,0.6387111038417185
0.1592760180995474,1.0000000000000002,0.6385327988504335
0.16923076923076952,0.9999999999999999,0.6383427968157046
0.1791855203619912,1.0000000000000002,0.6381410611130656
0.18914027149321289,0.9999999999999994,0.6379275527932429
0.19909502262443457,1.0,0.6377022305632414
0.20904977375565625,1.0000000000000007,0.6374650507662252
0.21900452488687794,0.9999999999999997,0.6372159673602071
0.22895927601809962,0.9999999999999992,0.6369549318955076
0.2389140271493213,0.9999999999999987,0.6366818934909597
0.248868778280543,1.0,0.6363967988088596
0.2588235294117647,1.0000000000000004,0.6360995920286091
0.26877828054298636,0.9999999999999998,0.6357902148190544
0.27873303167420804,1.0000000000000002,0.6354686063094789
0.28868778280543017,0.9999999999999996,0.6351347030592176
0.29864253393665185,1.0000000000000007,0.6347884390258898
0.30859728506787354,0.9999999999999993,0.6344297455321852
0.3185520361990952,1.0000000000000007,0.6340585512312041
0.3285067873303169,0.9999999999999993,0.633674782070292
0.3384615384615386,1.0000000000000013,0.6332783612533636
0.3484162895927603,1.0000000000000004,0.6328692092016346
0.35837104072398196,0.9999999999999987,0.6324472435127796
0.36832579185520364,1.0000000000000007,0.6320123789184283
0.3782805429864253,1.0000000000000004,0.63156452723998
0.388235294117647,1.0,0.6311035973426979
0.3981900452488687,0.9999999999999986,0.6306294950880168
0.4081447963800904,1.0000000000000004,0.6301421232840404
0.4180995475113125,0.9999999999999996,0.629641381634154
0.4280542986425342,1.0000000000000002,0.6291271666837269
0.4380090497737559,0.9999999999999997,0.6285993717648228
0.44796380090497756,0.9999999999999999,0.6280578869388846
0.45791855203619924,1.0,0.6275025989373212
0.46787330316742093,1.0,0.6269333910999312
0.4778280542986426,0.9999999999999999,0.6263501433111157
0.4877828054298643,0.9999999999999992,0.6257527319337949
0.497737556561086,1.0,0.625141029740966
0.5076923076923077,1.0,0.6245149058448293
0.5176470588235293,1.0000000000000004,0.6238742256234056
0.527601809954751,1.0000000000000002,0.6232188506445623
0.5375565610859732,0.9999999999999992,0.6225486385873655
0.5475113122171948,0.9999999999999999,0.6218634431606737
0.5574660633484165,0.9999999999999992,0.6211631140188801
0.5674208144796382,1.0000000000000007,0.6204474966747096
0.5773755656108599,1.0000000000000004,0.619716432408965
0.5873303167420816,1.0000000000000002,0.6189697581771336
0.5972850678733033,1.0000000000000004,0.6182073065127345
0.607239819004525,0.9999999999999997,0.6174289054272911
0.6171945701357466,0.9999999999999994,0.6166343783068271
0.6271493212669683,1.0,0.6158235438047459
0.63710407239819,1.0000000000000002,0.6149962157309764
0.6470588235294117,1.0000000000000007,0.6141522029372498
0.6570135746606338,1.0000000000000004,0.6132913091983581
0.6669683257918555,0.9999999999999996,0.6124133330892668
0.6769230769230772,1.0000000000000007,0.6115180678579092
0.6868778280542989,0.9999999999999993,0.6106053012935154
0.6968325791855206,0.9999999999999992,0.6096748155903109
0.7067873303167422,1.0000000000000002,0.6087263872063946
0.7167420814479639,1.0000000000000002,0.6077597867176382
0.7266968325791856,0.9999999999999998,0.6067747786663957
0.7366515837104073,1.0000000000000009,0.6057711214048336
0.746606334841629,1.0000000000000004,0.604748566932674
0.7565610859728507,1.0000000000000002,0.6037068607291276
0.7665158371040723,1.0000000000000002,0.6026457415787947
0.7764705882352945,1.0000000000000007,0.6015649413912908
0.7864253393665162,0.9999999999999988,0.6004641850143432
0.7963800904977378,0.9999999999999996,0.599343190040114
0.8063348416289595,1.0000000000000004,0.598201666604449
0.8162895927601812,1.0000000000000002,0.5970393171787874
0.8262443438914029,1.0,0.5958558363544225
0.8361990950226246,1.0,0.5946509106187959
0.8461538461538463,1.0000000000000009,0.5934242181234962
0.8561085972850679,0.9999999999999987,0.5921754284436169
0.8660633484162896,1.0000000000000004,0.5909042023281087
0.8760180995475113,0.9999999999999998,0.5896101914407409
0.885972850678733,0.9999999999999996,0.5882930380912748
0.8959276018099551,1.000000000000001,0.5869523749564234
0.9058823529411768,0.9999999999999993,0.5855878247901647
0.9158371040723985,0.9999999999999989,0.584199000122933
0.9257918552036202,1.0,0.5827855029492003
0.9357466063348419,1.0000000000000018,0.5813469244029521
0.9457013574660635,0.9999999999999998,0.5798828444204871
0.9556561085972852,1.0000000000000002,0.5783928313900115
0.9656108597285069,1.0000000000000007,0.5768764417873951
0.9755656108597286,1.0000000000000004,0.5753332197974828
0.9855203619909503,0.9999999999999999,0.5737626969202978
0.995475113122172,0.9999999999999996,0.572164391561428
1.0054298642533936,1.000000000000001,0.5705378086058798
1.0153846153846153,1.0000000000000002,0.5688824389746147
1.0253393665158375,0.9999999999999992,0.5671977591629493
1.0352941176470591,0.9999999999999997,0.5654832307599783
1.0452488687782808,0.9999999999999998,0.5637382999480935
1.0552036199095025,1.0000000000000002,0.5619623969816562
1.0651583710407242,0.9999999999999991,0.5601549356438075
1.0751131221719459,0.9999999999999999,0.5583153126803516
1.0850678733031676,1.0,0.5564429072095866
1.0950226244343892,0.999999999999999,0.5545370801068937
1.104977375565611,1.0000000000000004,0.5525971733628267
1.1149321266968326,1.0000000000000007,0.5506225094133643
1.1248868778280543,0.9999999999999991,0.5486123904409325
1.134841628959276,1.000000000000001,0.5465660976446969
1.1447963800904981,0.9999999999999992,0.5444828904785444
1.1547511312217198,0.9999999999999993,0.5423620058550975
1.1647058823529415,1.0000000000000002,0.5402026573139775
1.1746606334841632,1.0000000000000009,0.5380040341524438
1.1846153846153848,0.9999999999999999,0.5357653005164267
1.1945701357466065,0.9999999999999992,0.5334855944498273
1.2045248868778282,1.0000000000000004,0.5311640268998575
1.21447963800905,0.9999999999999999,0.5287996806760241
1.2244343891402716,0.9999999999999997,0.5263916093602476
1.2343891402714933,1.0000000000000007,0.5239388361654038
1.244343891402715,1.000000000000001,0.5214403527394468
1.2542986425339366,0.999999999999999,0.5188951179120621
1.2642533936651588,1.0000000000000002,0.516302056380622
1.2742081447963804,0.9999999999999996,0.5136600573319722
1.2841628959276021,1.0000000000000002,0.5109679729964077
1.2941176470588238,1.0000000000000002,0.5082246171298922
1.3040723981900455,1.0000000000000004,0.5054287634203536
1.3140271493212672,1.0000000000000002,0.5025791438136061
1.3239819004524889,0.9999999999999999,0.4996744467541173
1.3339366515837106,0.9999999999999998,0.49671331533555785
1.3438914027149322,1.0000000000000009,0.493694345355677
1.353846153846154,0.9999999999999996,0.49061608326970224
1.3638009049773756,1.0000000000000004,0.4874770240360381
1.3737556561085973,0.9999999999999997,0.48427560884760124
1.3837104072398194,1.0000000000000002,0.4810102227416581
1.393665158371041,1.0000000000000002,0.4776791920805067
1.4036199095022628,1.000000000000001,0.4742807818948096
1.4135746606334845,0.9999999999999997,0.47081319308075315
1.4235294117647062,0.9999999999999999,0.4672745594415902
1.4334841628959278,0.999999999999999,0.46366294456338575
1.4434389140271495,1.0000000000000009,0.45997633851404407
1.4533936651583712,1.0,0.4562126543538398
1.463348416289593,1.0000000000000007,0.4523697244448052
1.4733031674208146,1.0,0.44844529654530285
1.4832579185520363,1.0000000000000009,0.44443702967507004
1.493212669683258,0.9999999999999999,0.44034248973485735
1.50316742081448,1.0000000000000007,0.43615914486349594
1.5131221719457018,0.9999999999999992,0.4318843605138707
1.5230769230769234,0.9999999999999994,0.4275153942277291
1.5330316742081451,0.9999999999999996,0.4230493900876464
1.5429864253393668,1.0,0.41848337282263165
1.5529411764705885,0.9999999999999993,0.413814241541887
1.5628959276018102,1.0000000000000004,0.409038763069083
1.5728506787330319,0.9999999999999991,0.40415356484711373
1.5828054298642535,1.0000000000000004,0.39915512738071507
1.5927601809954752,0.9999999999999993,0.3940397761814367
1.602714932126697,0.999999999999999,0.3888036731763386
1.6126696832579186,0.9999999999999997,0.38344280753828275
1.6226244343891407,0.9999999999999997,0.3779529858918957
1.6325791855203624,1.0000000000000007,0.37232982184504526
1.642533936651584,1.0,0.3665687247910146
1.6524886877828058,0.9999999999999998,0.36066488792142126
1.6624434389140275,1.0,0.3546132753842071
1.6723981900452491,0.9999999999999998,0.34840860851472394
1.6823529411764708,1.0000000000000007,0.3420453510609235
1.6923076923076925,1.0000000000000004,0.3355176933158582
1.7022624434389142,0.9999999999999996,0.32881953506206313
1.7122171945701359,1.0000000000000002,0.3219444672227113
1.7221719457013576,1.0,0.31488575210369535
1.7321266968325792,1.0000000000000009,0.3076363020987659
1.742081447963801,0.9999999999999998,0.3001886567164178
1.752036199095023,1.0000000000000004,0.29253495777217375
1.7619909502262447,1.0000000000000002,0.2846669225730449
1.7719457013574664,0.9999999999999994,0.27657581490199573
1.7819004524886881,0.9999999999999999,0.2682524135889315
1.7918552036199098,0.9999999999999992,0.2596869784307146
1.801809954751131,1.0000000000000004,0.2508692131956392
1.8117647058823536,0.9999999999999996,0.24178822541714726
1.8217194570135753,1.0000000000000007,0.23243248264696542
1.831674208144797,0.9999999999999997,0.22278976479846455
1.8416289592760187,1.0000000000000002,0.2128471121664522
1.8515837104072403,1.0000000000000002,0.20259076865875053
1.861538461538462,1.0000000000000004,0.19200611971696244
1.8714932126696837,0.999999999999999,0.18107762433761476
1.8814479638009054,1.0000000000000004,0.1697887405290498
1.891402714932127,0.9999999999999996,0.1581218434524794
1.9013574660633488,1.0000000000000002,0.14605813539561946
1.9113122171945705,1.0000000000000002,0.1335775466121239
1.9212669683257921,1.0000000000000002,0.1206586259270039
1.9312217194570138,0.9999999999999998,0.1072784198542278
1.9411764705882355,0.9999999999999994,0.09341233879400448
1.9511312217194572,1.0,0.0790340086694235
1.9610859728506789,0.9999999999999996,0.06411510611971352
1.9710407239819006,1.0000000000000002,0.048625175083926324
1.9809954751131222,1.0000000000000009,0.03253142227646524
1.990950226244344,0.9999999999999999,0.015798488664987335
2.0009049773755656,0.0,0.0
2.0108597285067873,0.0,0.0
2.020814479638009,0.0,0.0
2.0307692307692307,0.0,0.0
2.0407239819004523,0.0,0.0
2.050678733031675,0.0,0.0
2.0606334841628966,0.0,0.0
2.0705882352941183,0.0,0.0
2.08054298642534,0.0,0.0
2.0904977375565617,0.0,0.0
2.1004524886877833,0.0,0.0
2.110407239819005,0.0,0.0
2.1203619909502267,0.0,0.0
2.1303167420814484,0.0,0.0
2.14027149321267,0.0,0.0
2.1502262443438918,0.0,0.0
2.1601809954751134,0.0,0.0
2.170135746606335,0.0,0.0
2.180090497737557,0.0,0.0
2.1900452488687785,0.0,0.0
2.2,0.0,0.0
