rank_by_transmission,energy,transmission,total_dos,central_well_dos,central_well_dos_fraction,peak_prominence
1,0.3910499999999999,0.9999998705577916,11.475658588011598,3.346137084105433,0.2915856252120535,0.08421533033369255
2,-0.73095,0.9999910471708057,83.63395231493993,70.07099257484754,0.837829501480231,0.9972708422963267
3,0.8002500000000001,0.9999784562383024,16.11543137407696,7.95240818103308,0.49346542431530593,0.5438464892440853
4,0.02804999999999991,0.9999631367973787,17.618915926552834,8.78253880106192,0.49847214423823155,0.7969935491808102
5,1.0147499999999998,0.9992613942775738,31.963227023460167,23.417555214846438,0.732640518357504,0.8929702138496947
6,-0.3399000000000001,0.9951746635098728,36.500406765984835,25.989605886254637,0.7120360617590339,0.9741910436178403
7,1.1517,0.9490104512448088,106.65170590360866,97.76212390325591,0.9166484780994772,0.9253587464931232
8,-1.1286,0.8527062981128221,169.70409293756757,152.36698234443904,0.8978391723321212,0.852280239713241
9,-1.51635,0.6879464285692027,353.8328989789801,328.54529188217157,0.9285323462861186,0.6878765788652976
10,-1.8744,0.3462723292695176,667.8206552281109,629.137913980699,0.9420761533136484,0.34626349418493063
