x,y,onsite_energy
0,0,0.012715173077531752
0,1,0.007832546615759559
0,2,0.005391233384873463
0,3,0.005391233384873463
0,4,0.007832546615759559
0,5,0.012715173077531752
1,0,0.021554266720748807
1,1,0.013277428299981266
1,2,0.009139009089597494
1,3,0.009139009089597494
1,4,0.013277428299981266
1,5,0.021554266720748807
2,0,0.03553697801684249
2,1,0.021890778458374976
2,2,0.015067678679141217
2,3,0.015067678679141217
2,4,0.021890778458374976
2,5,0.03553697801684249
3,0,0.05698545220903086
3,1,0.03510303856076301
3,2,0.024161831736629086
3,3,0.024161831736629086
3,4,0.03510303856076301
3,5,0.05698545220903086
4,0,0.08887585028695273
4,1,0.05474752377676289
4,2,0.037683360521667965
4,3,0.037683360521667965
4,4,0.05474752377676289
4,5,0.08887585028695273
5,0,0.13481549257655717
5,1,0.08304634342715923
5,2,0.05716176885246025
5,3,0.05716176885246025
5,4,0.08304634342715923
5,5,0.13481549257655717
6,0,0.19889877179556922
6,1,0.12252164342607064
6,2,0.08433307924132136
6,3,0.08433307924132136
6,4,0.12252164342607064
6,5,0.19889877179556922
7,0,0.28540440002421724
7,1,0.1758091104149178
7,2,0.12101146561026811
7,3,0.12101146561026811
7,4,0.1758091104149178
7,5,0.28540440002421724
8,0,0.39831392684803824
8,1,0.24536137893839158
8,2,0.16888510498356823
8,3,0.16888510498356823
8,4,0.24536137893839158
8,5,0.39831392684803824
9,0,0.5406629170747183
9,1,0.3330483569180265
9,2,0.22924107683968056
9,3,0.22924107683968056
9,4,0.3330483569180265
9,5,0.5406629170747183
10,0,0.7137792840957979
10,1,0.43968803900301157
10,2,0.3026424164566183
10,3,0.3026424164566183
10,4,0.43968803900301157
10,5,0.7137792840957979
11,0,0.9165107426841845
11,1,0.5645706174934577
11,2,0.38860055489809425
11,3,0.38860055489809425
11,4,0.5645706174934577
11,5,0.9165107426841845
12,0,1.1445834044290357
12,1,0.705063377128286
12,2,0.48530336347791114
12,3,0.48530336347791114
12,4,0.705063377128286
12,5,1.1445834044290357
13,0,1.3902522094330219
13,1,0.8563953610107415
13,2,0.5894669367996013
13,3,0.5894669367996013
13,4,0.8563953610107415
13,5,1.3902522094330219
14,0,1.6423889241231713
14,1,1.0117115772598735
14,2,0.6963729038282246
14,3,0.6963729038282246
14,4,1.0117115772598735
14,5,1.6423889241231713
15,0,1.8870990049725185
15,1,1.1624529870630713
15,2,0.8001299781083479
15,3,0.8001299781083479
15,4,1.1624529870630713
15,5,1.8870990049725185
16,0,2.108869122660586
16,1,1.299063379558921
16,2,0.8941605080080886
16,3,0.8941605080080886
16,4,1.299063379558921
16,5,2.108869122660586
17,0,2.292138389330072
17,1,1.4119572478273246
17,2,0.9718666770759508
17,3,0.9718666770759508
17,4,1.4119572478273246
17,5,2.292138389330072
18,0,2.4230830861908603
18,1,1.49261918109357
18,2,1.0273872285449248
18,3,1.0273872285449248
18,4,1.49261918109357
18,5,2.4230830861908603
19,0,2.491334497425923
19,1,1.5346620504143684
19,2,1.0563258269085913
19,3,1.0563258269085913
19,4,1.5346620504143684
19,5,2.491334497425923
20,0,2.491334497425923
20,1,1.5346620504143684
20,2,1.0563258269085913
20,3,1.0563258269085913
20,4,1.5346620504143684
20,5,2.491334497425923
21,0,2.4230830861908603
21,1,1.49261918109357
21,2,1.0273872285449248
21,3,1.0273872285449248
21,4,1.49261918109357
21,5,2.4230830861908603
22,0,2.292138389330072
22,1,1.4119572478273246
22,2,0.9718666770759508
22,3,0.9718666770759508
22,4,1.4119572478273246
22,5,2.292138389330072
23,0,2.108869122660586
23,1,1.299063379558921
23,2,0.8941605080080886
23,3,0.8941605080080886
23,4,1.299063379558921
23,5,2.108869122660586
24,0,1.8870990049725185
24,1,1.1624529870630713
24,2,0.8001299781083479
24,3,0.8001299781083479
24,4,1.1624529870630713
24,5,1.8870990049725185
25,0,1.6423889241231713
25,1,1.0117115772598735
25,2,0.6963729038282246
25,3,0.6963729038282246
25,4,1.0117115772598735
25,5,1.6423889241231713
26,0,1.3902522094330219
26,1,0.8563953610107415
26,2,0.5894669367996013
26,3,0.5894669367996013
26,4,0.8563953610107415
26,5,1.3902522094330219
27,0,1.1445834044290357
27,1,0.705063377128286
27,2,0.48530336347791114
27,3,0.48530336347791114
27,4,0.705063377128286
27,5,1.1445834044290357
28,0,0.9165107426841845
28,1,0.5645706174934577
28,2,0.38860055489809425
28,3,0.38860055489809425
28,4,0.5645706174934577
28,5,0.9165107426841845
29,0,0.7137792840957979
29,1,0.43968803900301157
29,2,0.3026424164566183
29,3,0.3026424164566183
29,4,0.43968803900301157
29,5,0.7137792840957979
30,0,0.5406629170747183
30,1,0.3330483569180265
30,2,0.22924107683968056
30,3,0.22924107683968056
30,4,0.3330483569180265
30,5,0.5406629170747183
31,0,0.39831392684803824
31,1,0.24536137893839158
31,2,0.16888510498356823
31,3,0.16888510498356823
31,4,0.24536137893839158
31,5,0.39831392684803824
32,0,0.28540440002421724
32,1,0.1758091104149178
32,2,0.12101146561026811
32,3,0.12101146561026811
32,4,0.1758091104149178
32,5,0.28540440002421724
33,0,0.19889877179556922
33,1,0.12252164342607064
33,2,0.08433307924132136
33,3,0.08433307924132136
33,4,0.12252164342607064
33,5,0.19889877179556922
34,0,0.13481549257655717
34,1,0.08304634342715923
34,2,0.05716176885246025
34,3,0.05716176885246025
34,4,0.08304634342715923
34,5,0.13481549257655717
35,0,0.08887585028695273
35,1,0.05474752377676289
35,2,0.037683360521667965
35,3,0.037683360521667965
35,4,0.05474752377676289
35,5,0.08887585028695273
36,0,0.05698545220903086
36,1,0.03510303856076301
36,2,0.024161831736629086
36,3,0.024161831736629086
36,4,0.03510303856076301
36,5,0.05698545220903086
37,0,0.03553697801684249
37,1,0.021890778458374976
37,2,0.015067678679141217
37,3,0.015067678679141217
37,4,0.021890778458374976
37,5,0.03553697801684249
38,0,0.021554266720748807
38,1,0.013277428299981266
38,2,0.009139009089597494
38,3,0.009139009089597494
38,4,0.013277428299981266
38,5,0.021554266720748807
39,0,0.012715173077531752
39,1,0.007832546615759559
39,2,0.005391233384873463
39,3,0.005391233384873463
39,4,0.007832546615759559
39,5,0.012715173077531752
